Name,Gender,Nationality,VoxCeleb_ID,Video_ID,Video_Title,Age,Unique_ID,index,Use
Arnd Peiffer,male,Germany,id00778,DoazlQs250s,Biathlon: Interview mit Arnd Peiffer (28.01.2013),26.0,id00778_DoazlQs250s,0,TRN
Lee Westwood,male,The-United-Kingdom-1,id05082,vgjMMb3qsAU,2015 CIMB Niaga Indonesian Masters Rd 3 Lee Westwood interview,42.0,id05082_vgjMMb3qsAU,1,TRN
Spike Mendelsohn,male,The-United-States-of-America,id08185,zcgESGosKN4,Battle of the Burgers 2010!,30.0,id08185_zcgESGosKN4,2,TRN
Rocsi Diaz,female,Honduras,id07474,_O37mNBaNek,Idina Menzel Red Carpet Interview - AMAs 2016,33.0,id07474__O37mNBaNek,3,TRN
Rose Byrne,female,Australia,id07564,S-A97trX5Aw,Annie Interview - Rose Byrne (2014) - Musical HD,35.0,id07564_S-A97trX5Aw,4,TRN
Richard Bruton,male,The-Republic-of-Ireland,id07334,t1emVSapJyc,Early Career Awards 2016 Official Launch,63.0,id07334_t1emVSapJyc,5,TRN
Munro Chambers,male,Canada,id06270,Df7y9Rkc9J8,"'Degrassi' Cast Members Munro Chambers, Jordan Todosey, and Aislinn Paul Talk At the 2011 Emmy's",21.0,id06270_Df7y9Rkc9J8,6,TST
Jürgen Melzer,male,Austria,id04510,i0wKO9ikrZE,Jurgen Melzer Reacts To Comeback At Poprad Challenger 2016,35.0,id04510_i0wKO9ikrZE,7,TRN
Amy Robach,female,The-United-States-of-America,id00428,zqtJKOmKDFU,Enrique Iglesias & Jennifer Lopez In Backstage Tour Exclusive 'GMA' Good Morning America 2012,39.0,id00428_zqtJKOmKDFU,8,TRN
Dia Mirza,female,India,id02166,fT4NJdCQVKY,Dia Mirza and Sahil Sangha - Exclusive Interview with Kushi Media at the IIFA Rocks 2013,32.0,id02166_fT4NJdCQVKY,9,TRN
Sandeepa Dhar,female,India,id07752,DEg7U_coMDU,Actress Sandeepa Dhaar Interview For New Year 2015 Country Club,26.0,id07752_DEg7U_coMDU,10,TRN
KT Tunstall,female,The-United-Kingdom-1,id04518,wRi0VhleyH0,KT Tunstall Kin BBC Breakfast 2016,41.0,id04518_wRi0VhleyH0,11,TRN
Alexandre Bilodeau,male,Canada,id00292,HBujsiemp_o,2014 Sochi Alexandre Bilodeau Wins Gold Medal 2010 Olympics - Men's Moguls,23.0,id00292_HBujsiemp_o,12,TRN
Eoin Morgan,male,The-United-Kingdom-1,id02567,JO8si91Zr3Q,Interview with Eoin Morgan - Brooks Macdonald Middlesex CCC June 2014 Player of the Month,28.0,id02567_JO8si91Zr3Q,13,TRN
Jason Ritter,male,The-United-States-of-America,id03871,6kr_9vE4a_A,Jason Ritter (Good Dick) Interview at 'Night Of 100 Stars' 2010 Oscar Viewing Party,30.0,id03871_6kr_9vE4a_A,14,TRN
Madeleine Stowe,female,The-United-States-of-America,id05402,PsNJ4tJkYQ4,Madeleine Stowe Alma Awards 2012 Exclusive Interview Red Carpet,54.0,id05402_PsNJ4tJkYQ4,15,TRN
Dylan Riley Snyder,male,The-United-States-of-America,id02322,tWhFFEeDLP8,Disney KICKIN IT Star Dylan Riley Snyder 2012 Kids Help Children CELEBRITY STOP BULLYING  Interview,15.0,id02322_tWhFFEeDLP8,16,TRN
Janez Potočnik,male,Slovenia,id03824,ceJHXPeMj30,Green week 2013: Janez Potočnik,55.0,id03824_ceJHXPeMj30,17,TRN
Kyle Lowry,male,The-United-States-of-America,id04945,P6rFuxTs7NY,"DeMar DeRozan & Kyle Lowry Interview | Raptors vs Bucks | Game 6 | April 28, 2017 | NBA Playoffs",31.0,id04945_P6rFuxTs7NY,18,TRN
DeMar DeRozan,male,The-United-States-of-America,id02078,BG-N-yDoO8M,"Demar Derozan Post Game Interview About Fight With Lance Stephenson | April 4, 2017",28.0,id02078_BG-N-yDoO8M,19,TRN
Mark Ballas,male,The-United-States-of-America,id05678,Jub0qnUpnH4,"Dancing with the Stars - Aly Raisman & Mark Ballas AfterBuzz TV Interview May 7th, 2013",27.0,id05678_Jub0qnUpnH4,20,TRN
Raghuram Rajan,male,India,id07161,MDXpyp9e6sc,"Post Policy Interview of Governor Dr. Raghuram G. Rajan on NDTV Profit on Sep 30, 2015",52.0,id07161_MDXpyp9e6sc,21,TRN
Ayelet Zurer,female,Israel,id00842,eKAEBVmgN2A,"Darling Companion Trailer 2012 & Cast Interviews w/ Kevin Kline, Mark Duplass, Ayelet Zurer & More",43.0,id00842_eKAEBVmgN2A,22,TRN
Oskar Freysinger,male,Switzerland,id06702,sGuruYpQOhY,Oskar Freysinger Rede @ COMPACT Konferenz 2016 - Offensive für Meinungsfreiheit,56.0,id06702_sGuruYpQOhY,23,TRN
Rulon Gardner,male,The-United-States-of-America,id07614,88DGtfI6CZQ,"Rulon Gardner, Keynote Speaker at Peak Vista's 2011 Breakfast of Champions on November 3",40.0,id07614_88DGtfI6CZQ,24,TRN
Kevin Costner,male,The-United-States-of-America,id04738,nh4Lw2nNj28,"Criminal Interview - Kevin Costner (2016) - Gary Oldman, Ryan Reynolds Movie HD",61.0,id04738_nh4Lw2nNj28,25,TRN
Stan Van Gundy,male,The-United-States-of-America,id08191,Pa84vuJgkvw,Awkward Stan Van Gundy / Dwight Howard Morning Shootaround Interview 4/5/2012,53.0,id08191_Pa84vuJgkvw,26,TRN
Ron Paul,male,The-United-States-of-America,id07531,dGWcbaJkm28,Uncut Ron Paul Interview - My Body Language Analysis. Walks out of CNN interview. 2012 debate - CJB,77.0,id07531_dGWcbaJkm28,27,TRN
Rhona Mitra,female,The-United-Kingdom-1,id07308,NjhS0gUlqmM,Comic-Con 2012 - Strike Back Cast Interviews,36.0,id07308_NjhS0gUlqmM,28,TST
Udhayanidhi Stalin,male,India,id08739,BZfCw62pZU8,Exclusive: Actor Udhayanidhi Stalin Shares Saravanan Irukka Bayamen Movie Moments | 09/05/2017,40.0,id08739_BZfCw62pZU8,29,TRN
Benoist Apparu,male,France,id00965,cQSY3ZNDOlI,"Interview Benoist Apparu - Salon de la construction, Lyon, avril 2011 - La Chaine Immo",42.0,id00965_cQSY3ZNDOlI,30,TST
John Leguizamo,male,The-United-States-of-America,id04219,UDvF7rL8u1k,John Leguizamo Interview - Kick-Ass 2 (JoBlo.com) Comic-Con 2013,49.0,id04219_UDvF7rL8u1k,31,TRN
Eric Martsolf,male,The-United-States-of-America,id02583,IzaZ_vWEn0M,Eric Martsolf at the Daytime Emmy Awards 2017,46.0,id02583_IzaZ_vWEn0M,32,TRN
Stephen Moyer,male,The-United-Kingdom-1,id08234,RqisnYBNO28,True Blood: Anna Paquin & Stephen Moyer EW's Emmy Party 2010 Interview | Entertainment Weekly,41.0,id08234_RqisnYBNO28,33,TRN
Wendy Sherman,female,The-United-States-of-America,id08993,0j4lX7Xxvfk,"Wendy Sherman interview with Tamar Ish Shalom, CH10, November 3, 2013",64.0,id08993_0j4lX7Xxvfk,34,TRN
Alexander Gerst,male,Germany,id00276,WX9Ws3D2Osc,Preis des Westfälischen Friedens 2014: Interview mit Alexander Gerst auf der ISS,38.0,id00276_WX9Ws3D2Osc,35,TRN
Russell Westbrook,male,The-United-States-of-America,id07628,9Pa6bfg2ZYo,"Inside the NBA: Russell Westbrook Postgame Interview | Feb 15, 2015 | 2015 NBA All-Star Game",27.0,id07628_9Pa6bfg2ZYo,36,TRN
Aries Merritt,male,The-United-States-of-America,id00760,WL3sUk8JYgI,Aries Merritt on getting back to fitness | Sainsbury's Anniversary Games 2014 | @amhurdlestar,29.0,id00760_WL3sUk8JYgI,37,TRN
Janine Kunze,female,Germany,id03829,X66nVv5o7rQ,Markus Lanz (vom 23. Januar 2013) - ZDF (1/5),39.0,id03829_X66nVv5o7rQ,38,TRN
Yvonne Catterfeld,female,Germany,id09145,Dbf9MiCyCLo,Yvonne Catterfeld Exklusives Interview zu Niko 2 (2012),33.0,id09145_Dbf9MiCyCLo,39,TRN
Raveena Tandon,female,India,id07236,ADzuqu5sYyQ,Raveena Tandon interview at Rotary District Conference 2014,40.0,id07236_ADzuqu5sYyQ,40,TRN
Sonia Kruger,female,Australia,id08154,bjjGA9dlhKw,Anjies Interview Mornings Show 2 March 2012,47.0,id08154_bjjGA9dlhKw,41,TRN
Sheryfa Luna,female,France,id08020,TsX121Y7Jqo,Sheryfa Luna Interview 2010,21.0,id08020_TsX121Y7Jqo,42,TRN
Vitaly Churkin,male,Soviet-Union-1,id08928,EmjQ_n08dB8,"Syria:  Russia's Ambassador to the U N , Vitaly Churkin gives an interview to the CNN   May 29, 2013",61.0,id08928_EmjQ_n08dB8,43,TRN
Tom Cavanagh,male,Canada,id08600,cKAazAmwi3Q,Interview With Tom Cavanagh of The Flash at Comic-Con 2014,51.0,id08600_cKAazAmwi3Q,44,TRN
Yasmin Warsame,female,Canada,id09076,HWCwz9g00CE,DATA Report 2010 Launch; Part 2 of 5,34.0,id09076_HWCwz9g00CE,45,TRN
Louis Walsh,male,The-Republic-of-Ireland,id05271,QZbZWMaptwk,Louis Walsh: Brendan Murray's Eurovision 2017 mentor (interview) | wiwibloggs,65.0,id05271_QZbZWMaptwk,46,TST
Gabrielle Union,female,The-United-States-of-America,id02948,IwAfO9WTqho,Gabrielle Union Talks Naked Dwyane Wade at 2016 ESPYs | E! Red Carpet & Award Shows,44.0,id02948_IwAfO9WTqho,47,TRN
Harlem Désir,male,France,id03343,IDFhGpsMUQg,Action PS MJS 1er mai 2009,50.0,id03343_IDFhGpsMUQg,48,TRN
Yngwie Malmsteen,male,Sweden,id09088,yOerW9x73oQ,Yngwie Malmsteen at Seymour Duncan Booth - NAMM 2010,47.0,id09088_yOerW9x73oQ,49,TRN
Éric Boullier,male,France,id09235,K7s_3lJIYw8,Eric BOULLIER au Gala de la FIA 2013,40.0,id09235_K7s_3lJIYw8,50,TRN
Kristin Kreuk,female,Canada,id04905,UKCzHTxQGcI,Beauty And The Beast' Cast Interview | Comic-Con 2013 | Entertainment Weekly,31.0,id04905_UKCzHTxQGcI,51,TRN
Nikki Sixx,male,The-United-States-of-America,id06553,SXqZQdFc6uU,Nikki Sixx Interview About Kiss and Motley Crue 2012 Tour,54.0,id06553_SXqZQdFc6uU,52,TRN
Brian Dietzen,male,The-United-States-of-America,id01201,xtjn1W3TcBg,"NCIS : Brian Dietzen, Sean Murray on E3 2010",33.0,id01201_xtjn1W3TcBg,53,TRN
Guus Hiddink,male,Kingdom-of-the-Netherlands,id03258,CdIHXZvm3_g,MK Dons vs Chelsea 1-5 : Guus Hiddink Post Match Interview FA Cup 2016,70.0,id03258_CdIHXZvm3_g,54,TRN
Michael Owen,male,The-United-Kingdom-1,id06013,dvZgzcTjaNg,Michael Owen - If  you cant beat them join them -22.05.2011,32.0,id06013_dvZgzcTjaNg,55,TRN
Baichung Bhutia,male,India,id00875,hgYqNtHc2xE,BHAICHUNG BHUTIA: AN EXCLUSIVE INTERVIEW TO XtraTime ON THE EVE OF NEHRU CUP 2012,36.0,id00875_hgYqNtHc2xE,56,TRN
Marianne Jelved,female,Denmark,id05614,ODC1EWGeUq4,Kulturmødet 2014: Hvad kan politikerne gøre for kulturen?,71.0,id05614_ODC1EWGeUq4,57,TRN
Marit Bjørgen,female,Norway,id05668,p5dCDDuxYRU,Val di Fiemme 2013 - Exclusive: Marit Bjørgen & Maiken Caspersen Falla,33.0,id05668_p5dCDDuxYRU,58,TRN
Adrian Pasdar,male,The-United-States-of-America,id00088,eA6ubBZoN8Y,Interview with Amanda Righetti and Adrian Pasdar at San Diego Comic-Con 2016,51.0,id00088_eA6ubBZoN8Y,59,TST
Tiffani Thiessen,female,The-United-States-of-America,id08549,R745GDnQpqc,Tiffani Thiessen of 'WhiteCollar' at PaleyFest2011,37.0,id08549_R745GDnQpqc,60,TRN
Ivan Urgant,male,Russia,id03647,gIdX4HfHBiU,Вечерний Ургант. Баста (23.10.2015),37.0,id03647_gIdX4HfHBiU,61,TRN
Manuel Pellegrini,male,Chile,id05492,2QAsVDU7jTU,Southampton vs Manchester City • Manuel Pellegrini Interview (30.11.2014),61.0,id05492_2QAsVDU7jTU,62,TRN
Owen Wilson,male,The-United-States-of-America,id06717,mkSgLbhghxM,Masterminds Interview - Owen Wilson (2016) - Heist Movie,48.0,id06717_mkSgLbhghxM,63,TRN
Eric Garcetti,male,The-United-States-of-America,id02578,4HGmr_mwggk,Los Angeles Mayor Eric Garcetti Speaks at 29th Annual AIDS Walk Los Angeles 2013,42.0,id02578_4HGmr_mwggk,64,TST
Kristen Dalton,female,The-United-States-of-America,id04896,Gd5w5s1bvdQ,Miss USA 2009 - Entrevista Final - Final Interview,23.0,id04896_Gd5w5s1bvdQ,65,TRN
David Garrett,male,Germany,id02036,GNEw4frKw8o,David Garrett - 'He's a pirate' - 15.05.2010,30.0,id02036_GNEw4frKw8o,66,TRN
Natalia Germanou,female,Greece,id06370,oFZXf4D9MmI,Το Πρωινό - Ναταλία Γερμανού - 16/11/2015,50.0,id06370_oFZXf4D9MmI,67,TRN
Nicola Roberts,female,The-United-Kingdom-1,id06504,dcp-2mSp1KA,Nicola Roberts : Interview (Paul O'Grady Show 2011),26.0,id06504_dcp-2mSp1KA,68,TRN
Pete Rose,male,The-United-States-of-America,id06936,LgCzL2cRfGQ,"Pete Rose, Frank Thomas preview Cubs 2017 season and more  | THE HERD (FULL INTERVIEW)",76.0,id06936_LgCzL2cRfGQ,69,TRN
Sophie Ellis-Bextor,female,The-United-Kingdom-1,id08171,K5rUoHG1lWQ,Sophie Ellis-Bextor's exclusive interview in Odessa (Ukraine)  | 28.05.2011 (English version),32.0,id08171_K5rUoHG1lWQ,70,TST
Nicky Jam,male,The-United-States-of-America,id06497,eeA-nso5U8Y,Nicky Jam Interview | Billboard Latin Music 2016,35.0,id06497_eeA-nso5U8Y,71,TRN
Jeff Bridges,male,The-United-States-of-America,id03947,_jT6iGkKPVo,Jeff Bridges and Ben Foster Exclusive Interview - HELL OR HIGH WATER (2016) JoBlo.com,67.0,id03947__jT6iGkKPVo,72,TRN
Mike Tomlin,male,The-United-States-of-America,id06119,0GdM5VZdPh0,Tomlin press conference Jan. 3 2017,45.0,id06119_0GdM5VZdPh0,73,TRN
Rodrigo Santoro,male,Brazil,id07489,oT3Y7l_ZqF4,Rodrigo Santoro Comic-Con 2013 Exclusive Interview | Comic Con | FandangoMovies,38.0,id07489_oT3Y7l_ZqF4,74,TRN
Bruno Le Maire,male,France,id01264,InIBJrYVT94,Bruno Le Maire sur France 3 le 18 septembre 2009,40.0,id01264_InIBJrYVT94,75,TRN
Theo Walcott,male,The-United-Kingdom-1,id08501,QkbVfds5hAs,West Ham 1-3 Arsenal Theo Walcott Post Match Interview 26.12.2013,24.0,id08501_QkbVfds5hAs,76,TRN
Joseph Stiglitz,male,The-United-States-of-America,id04334,MeGXbY6U9Gw,Stiglitz - Nov 2012 - Structural Problems of Euro,69.0,id04334_MeGXbY6U9Gw,77,TRN
Kristin Cavallari,female,The-United-States-of-America,id04902,I2fsi2KB6xU,"Kristin Cavallari Talks ""Ups and Downs"" of 2016 | E! Red Carpet & Award Shows",29.0,id04902_I2fsi2KB6xU,78,TRN
Michael B. Jordan,male,The-United-States-of-America,id05983,Y6HEfYlxs9o,"Miles Teller, Jamie Bell, Kate Mara, & Michael B. Jordan Interview - Fantastic Four (HD) 2015",28.0,id05983_Y6HEfYlxs9o,79,TRN
Jeffrey Bruma,male,Kingdom-of-the-Netherlands,id03958,1kzYDRFh9Zc,Bruma and Karim Rekik ► Interview Sky Sports 2013/14,22.0,id03958_1kzYDRFh9Zc,80,TRN
T. J. Holmes,male,The-United-States-of-America,id08373,008jz54H2YQ,2013 Backstage Pass: TJ Holmes,36.0,id08373_008jz54H2YQ,81,TRN
Bradley Wiggins,male,The-United-Kingdom-1,id01162,uYGCy3rw30o,Bradley Wiggins Interview after becoming 2014 Elite Men's Individual Time Trial World Champion,34.0,id01162_uYGCy3rw30o,82,TRN
Fredi Bobic,male,Germany,id02901,jnsh0McRqB8,Laureus World Sports Awards 2016 - Roter Teppich,45.0,id02901_jnsh0McRqB8,83,TRN
Megan Boone,female,The-United-States-of-America,id05914,6mjpBAuagok,Festival 2014 - Interview Megan Boone - The Blacklist,31.0,id05914_6mjpBAuagok,84,TRN
John Medeski,male,The-United-States-of-America,id04225,bIA6myV8xFw,Music for Democracy: John Medeski at 2008 All Good Festival Part 2/2,43.0,id04225_bIA6myV8xFw,85,TRN
Marcel Koller,male,Switzerland,id05519,XP1IArVrGEk,UEFA EURO 2016: Österreich Interview Marcel Koller  Gruppe F  [schwiizerdütsch],56.0,id05519_XP1IArVrGEk,86,TRN
Christophe Jallet,male,France,id01669,3UW8O8P8Zuo,Interview Jallet et Umtiti sur l'Euro 2016,33.0,id01669_3UW8O8P8Zuo,87,TRN
Klaus Wowereit,male,Germany,id04856,1Ydoxj4E4Ig,RedCarpetStar.TV BBB 2013 Interview Klaus Wowereit,60.0,id04856_1Ydoxj4E4Ig,88,TST
Jaime Alguersuari,male,Spain,id03721,Hg5UvDewFp0,BBC Forum Jaime Alguersuari interview following Korean GP 2011.mpg,21.0,id03721_Hg5UvDewFp0,89,TRN
Martina Voss-Tecklenburg,female,Germany,id05747,RXH-RoEqZTo,20161108   Women UEFA EM 2017 Draw   Interview before the start with Martina Voss Tecklenburg,49.0,id05747_RXH-RoEqZTo,90,TRN
Joko Anwar,male,Indonesia,id04246,NlYU0lQkcX4,PARTY POPPERS! - Joko Anwar Interview at POPCON ASIA 2014,38.0,id04246_NlYU0lQkcX4,91,TRN
Dario Franchitti,male,The-United-Kingdom-1,id01987,4Q5kMwGRuuk,Dario Franchitti 2011 Honda Indy Winner,38.0,id01987_4Q5kMwGRuuk,92,TRN
Anthony Foxx,male,The-United-States-of-America,id00691,HEaSm5AgL6E,Transportation Secretary Anthony Foxx at National Press Club 9/9/2015,44.0,id00691_HEaSm5AgL6E,93,TRN
Dick Vitale,male,The-United-States-of-America,id02186,AAqkfqIcuRk,Sidewalks TV: Dick Vitale (2006),67.0,id02186_AAqkfqIcuRk,94,TRN
Jakub Voráček,male,The-Czech-Republic-1,id03741,n2uAOAFAG8g,Voracek Heaps Praise on Two-Goal Jagr | #IIHFWorlds 2015,26.0,id03741_n2uAOAFAG8g,95,TRN
Ky-Mani Marley,male,Jamaica,id04938,oE9FrczMa-o,KY-MANI MARLEY | Just Seying - Seychelles 2017 | ITW part01,41.0,id04938_oE9FrczMa-o,96,TRN
Charlotte Church,female,The-United-Kingdom-1,id01549,Tdm8TbOSEH0,"Charlotte Church Interview Aug 2012 - topics: death, news media, child stardom & her own children.",26.0,id01549_Tdm8TbOSEH0,97,TRN
Hamit Altıntop,male,Turkey-country,id03306,H7EiHomhN3g,Hamit Altintop EM 2008 Interview ( Türkei 2 : 1 Schweiz ),26.0,id03306_H7EiHomhN3g,98,TST
Benita Ferrero-Waldner,female,Austria,id00959,TtQLT0YdsVI,Press briefing Ferrero-Waldner / Gilauri - 05/03/2009,61.0,id00959_TtQLT0YdsVI,99,TRN
Mike Huckabee,male,The-United-States-of-America,id06109,y6PrULJUB2E,Huckabee interview on The Kelly File Wed 7/9/2014,59.0,id06109_y6PrULJUB2E,100,TRN
Ellen Pompeo,female,The-United-States-of-America,id02479,8xNQZ07Bwsc,"ELLEN POMPEO INTERVIEW - APRIL 2, 2012 (GREYSFRASI.TUMBLR.COM)",43.0,id02479_8xNQZ07Bwsc,101,TRN
Shaun White,male,The-United-States-of-America,id07993,wu4zmjxWUDI,Shaun White ► 100 POINTS MIX (all 3 runs + interview on X Games 2012),26.0,id07993_wu4zmjxWUDI,102,TRN
Allyson Felix,female,The-United-States-of-America,id00359,hWZ-LAZaj5c,WCH 2015 Beijing - Press Conference USATF Allyson Felix USA ITW,30.0,id00359_hWZ-LAZaj5c,103,TRN
John Isner,male,The-United-States-of-America,id04215,xrX4Q4bXphE,2011 Australian Open - John Isner,26.0,id04215_xrX4Q4bXphE,104,TRN
Brian Holm,male,Denmark,id01203,EsQTURsMPms,Tour de France 2013: Brian Holm's Top 5 coolest riders of all time,51.0,id01203_EsQTURsMPms,105,TRN
Sabine Leutheusser-Schnarrenberger,female,Germany,id07670,oFplNntWXUU,ZDF Berlin direkt Frau Leutheusser Schnarrenberger 20091011,58.0,id07670_oFplNntWXUU,106,TRN
Anup Soni,male,India,id00731,2Ofe7s_Q8II,SAAD PRATISAAD 2016...Anup Soni,41.0,id00731_2Ofe7s_Q8II,107,TRN
Eduardo Verástegui,male,Mexico,id02384,xH38ariuYU8,Eduardo Verastegui saludos desde Mexico con las Comis Septiembre 2016,42.0,id02384_xH38ariuYU8,108,TRN
Mark Selby,male,The-United-Kingdom-1,id05698,M8CGRl3gYSE,2017 Snooker China Open Champion Mark Selby Interview,34.0,id05698_M8CGRl3gYSE,109,TRN
Lauren Pope,female,The-United-Kingdom-1,id05023,eMJ7ibh6x4E,Lauren Pope interviewed at Pure London 2012,30.0,id05023_eMJ7ibh6x4E,110,TRN
Lisa Foiles,female,The-United-States-of-America,id05201,08gQ3UPaP2I,Welcome to E3 with Lisa Foiles! - Floor Report E3 2014,28.0,id05201_08gQ3UPaP2I,111,TRN
Robert Knepper,male,The-United-States-of-America,id07421,YAkVhSjdRA0,Robert Knepper Prison Break Comic Con 2016,57.0,id07421_YAkVhSjdRA0,112,TRN
Matthew Bellamy,male,The-United-Kingdom-1,id05830,SxhJ6e1zqQk,Matt Bellamy and Dominic Howard Interview - NRK 2010,32.0,id05830_SxhJ6e1zqQk,113,TST
Shannon Sharpe,male,The-United-States-of-America,id07974,Ijl-a94XgWo,Skip Bayless reacts to the Dallas Cowboys 2017 NFL Draft | UNDISPUTED,49.0,id07974_Ijl-a94XgWo,114,TRN
apl.de.ap,male,The-United-States-of-America,id09214,_xMki02PIHs,Apl.de.Ap's interview at Tomorrowland 2012,38.0,id09214__xMki02PIHs,115,TRN
Carl Barât,male,The-United-Kingdom-1,id01352,CwkstefHEeg,Carl Barat | Interview | Union Chapel | 23rd Nov 2012 | Music News,34.0,id01352_CwkstefHEeg,116,TRN
Gérard Mestrallet,male,France,id03274,_fX5ySqH1JM,Gérard Mestrallet LHFORUM 2013 (FR),64.0,id03274__fX5ySqH1JM,117,TRN
Mehmet Oz,male,Turkey-country,id05926,RjRooJs-4CI,"Michael J. Breus, PhD & Dr. Mehmet Oz, MD Interview @ 2017 DigitalHealth & Fitness LIVE",57.0,id05926_RjRooJs-4CI,118,TRN
James Van Der Beek,male,The-United-States-of-America,id03774,swAI9YiH_xg,James Van Der Beek Interview at 2012 Young Hollywood Awards!,35.0,id03774_swAI9YiH_xg,119,TRN
Margot Käßmann,female,Germany,id05584,wfR8Sc78NyU,Markus Lanz (vom 09. Mai 2013) - ZDF (2/5),55.0,id05584_wfR8Sc78NyU,120,TRN
Maura Tierney,female,The-United-States-of-America,id05847,cOuEV6vdIOo,"The Late Late Show - ""Maura Tierney"", 5.14 (2008)",43.0,id05847_cOuEV6vdIOo,121,TRN
Paul Scholes,male,The-United-Kingdom-1,id06855,h1XKIxx4bQI,Tour 2012 | Paul Scholes Interview,38.0,id06855_h1XKIxx4bQI,122,TRN
Sônia Braga,female,Brazil,id08368,efHWI-tIHGI,Entrevista com a Atriz Sonia Braga no HBRFEST 2016,66.0,id08368_efHWI-tIHGI,123,TRN
Julia Gillard,female,Australia,id04423,c9VAOYiMlyM,Will Ferrell interview on The Project (2012) - The Campaign (plus PM Julia Gillard),51.0,id04423_c9VAOYiMlyM,124,TRN
Peta Wilson,female,Australia,id06932,H8Td0wW-GDM,Peta Wilson interviewed by Matteo Ghidoni (2015),45.0,id06932_H8Td0wW-GDM,125,TRN
Jodie Marsh,female,The-United-Kingdom-1,id04153,mYEiAotO5mM,Jodie Marsh Bullying Interview This Morning April 2013,35.0,id04153_mYEiAotO5mM,126,TST
Muhtar Kent,male,The-United-States-of-America,id06264,_PGSu--Yrt0,Davos 2012 - Muhtar Kent,60.0,id06264__PGSu--Yrt0,127,TST
Orlando Bloom,male,The-United-Kingdom-1,id06696,o5ZoWBEtr3I,The Hobbit: The Desolation of Smaug INTERVIEW - Orlando Bloom (2013) - LOTR Movie HD,36.0,id06696_o5ZoWBEtr3I,128,TRN
Bitsie Tulloch,female,The-United-States-of-America,id01075,wDvnuZemqWE,Sitting Down With Bitsie Tulloch - Starfest Denver 2017,36.0,id01075_wDvnuZemqWE,129,TRN
Malcolm-Jamal Warner,male,The-United-States-of-America,id05451,B1ib4GC1ceQ,Malcolm-Jamal Warner on why the OJ Simpson story still resonates - 2016 Primetime Emmys,46.0,id05451_B1ib4GC1ceQ,130,TRN
Sam Brownback,male,The-United-States-of-America,id07705,0uE0s9r8FAg,Kansas Gov. Sam Brownback on guns in Kansas (December 2015),59.0,id07705_0uE0s9r8FAg,131,TRN
Ian Anthony Dale,male,The-United-States-of-America,id03520,GXdfpwPKS0c,Ian Anthony Dale of 'The Event' the LA Asian Pacific Film Festival 2011,33.0,id03520_GXdfpwPKS0c,132,TRN
Sam Nazarian,male,Iran,id07711,_fPt7T-IvFE,Sam Nazarian at LA City Council Meeting 08/05/2009 Part 1,34.0,id07711__fPt7T-IvFE,133,TRN
Dash Mihok,male,The-United-States-of-America,id02000,eNOF2qOLTNE,Dash Mihok - Rueda de Prensa LIVE OUT MONTERREY 2016,42.0,id02000_eNOF2qOLTNE,134,TRN
Tony Goldwyn,male,The-United-States-of-America,id08648,Fcc05xjFRH4,Tony Goldwyn - E! Interview at PaleyFest 2015,55.0,id08648_Fcc05xjFRH4,135,TRN
Christoph Metzelder,male,Germany,id01666,NzETk9Vkhq4,Volksbank Bocholt eG - Vertreterversammlung 2015 mit Christoph Metzelder,35.0,id01666_NzETk9Vkhq4,136,TRN
Kimberlee Green,female,Australia,id04818,SdR2d-whocc,NSWSwiftsTV: Kimberlee Green wins 2013 QBE MVP & Members' award,27.0,id04818_SdR2d-whocc,137,TRN
Vesna Pusić,female,Croatia,id08853,cxwtFMf42Wk,UN Secretary-General Candidate Vesna Pusić answering questions from Civil Society 13 April 2016,63.0,id08853_cxwtFMf42Wk,138,TRN
Antara Biswas,female,India,id00687,YI6FhW9DNvg,सरकार राज - Bhojpuri Film Sarkar Raj Pawan Singh & Monalisa Interview 2017,35.0,id00687_YI6FhW9DNvg,139,TRN
Minnie Driver,female,The-United-Kingdom-1,id06156,NSJ1bNwLwJk,"Ellen Show - Beth Behrs & Minnie Driver Full Interview May 2, 2014",44.0,id06156_NSJ1bNwLwJk,140,TRN
Rochelle Aytes,female,The-United-States-of-America,id07471,7XMWTVwWye8,"Mistresses ABC Interviews - Premieres MONDAY, JUNE 3, 2013 10|9c",37.0,id07471_7XMWTVwWye8,141,TRN
Daniel Sturridge,male,The-United-Kingdom-1,id01933,J8RVVemyLCw,DANIEL STURRIDGE  - POST MATCH INTERVIEW England VS Wales 2-1   European Championship 2016,27.0,id01933_J8RVVemyLCw,142,TRN
Vince Vaughn,male,The-United-States-of-America,id08904,Lgzvy856Oec,Vince Vaughn Red Carpet Interview - ACCAs 2014,44.0,id08904_Lgzvy856Oec,143,TRN
Kalki Koechlin,female,France,id04534,X0xz4kGIdYA,Waiting Movie (2016) - Kalki Koechlin Special Interview,32.0,id04534_X0xz4kGIdYA,144,TRN
Jacoby Shaddix,male,The-United-States-of-America,id03705,W7AajjSMkIg,Papa Roach Interview Jacoby Shaddix 2014,38.0,id03705_W7AajjSMkIg,145,TRN
Sascha Lobo,male,Germany,id07800,WQj-fY93jGo,Sascha Lobo Interview auf dem censhare Futureday2014,39.0,id07800_WQj-fY93jGo,146,TRN
Peter Ramsauer,male,Germany,id06946,XZfbeXGBE-o,Dr. Peter Ramsauer: Grußwort Abendveranstaltung Immobilienkongress 2013,59.0,id06946_XZfbeXGBE-o,147,TRN
Alka Yagnik,female,India,id00346,HzxsU7V9e9w,Alka Yagnik's Interview at Gima Awards 2015,49.0,id00346_HzxsU7V9e9w,148,TRN
Yoani Sánchez,female,Cuba,id09091,WmS513nJME4,08.05.2013 - 3 - Yoani Sánchez en Instituto Cervantes Berlín preguntas y repuestas!,38.0,id09091_WmS513nJME4,149,TRN
Allison Mack,female,The-United-States-of-America,id00357,XFEGf4yMjd8,Riese The Series Interviews - New York Comic Con 2010,28.0,id00357_XFEGf4yMjd8,150,TRN
Marin Čilić,male,Croatia,id05641,WgdN15DCEh8,Indian Wells 2015 Preview Interview Cilic,27.0,id05641_WgdN15DCEh8,151,TRN
Parminder Nagra,female,The-United-Kingdom-1,id06782,CWQWGUOkK9o,"The Late Late Show - ""Parminder Nagra"", 5.13 (2008)",33.0,id06782_CWQWGUOkK9o,152,TRN
Volker Bouffier,male,Germany,id08953,Gwkw7iwWVQM,Landesparteitag 2012 - Volker Bouffier im Interview,61.0,id08953_Gwkw7iwWVQM,153,TRN
Katie Melua,female,Soviet-Union-1,id04655,OHDpdCqZJO4,Katie Melua Zomer 2008,24.0,id04655_OHDpdCqZJO4,154,TRN
Jerry Bruckheimer,male,The-United-States-of-America,id04015,10hbO3EulEI,Deliver Us From Evil (2014) Interview with Producer Jerry Bruckheimer,71.0,id04015_10hbO3EulEI,155,TST
Jonas Kaufmann,male,Germany,id04269,sOkSbrizkBk,"Interview : Jonas Kaufmann, Don José aux Chorégies d'Orange 2015",46.0,id04269_sOkSbrizkBk,156,TRN
Meg Whitman,female,The-United-States-of-America,id05913,iRuAxM8FHU0,"Meg Whitman, President and CEO | HP Q4 2013 Earnings | HP",57.0,id05913_iRuAxM8FHU0,157,TRN
Ranomi Kromowidjojo,female,Kingdom-of-the-Netherlands,id07218,D0diKD5DcqQ,Ranomi HLMRmeer 2016 | Zwemmen,26.0,id07218_D0diKD5DcqQ,158,TRN
Ross Brawn,male,The-United-Kingdom-1,id07577,YZFokzhf47k,Sky F1 2017 Australian GP - Ross Brawn Interview,63.0,id07577_YZFokzhf47k,159,TRN
Aaron Motsoaledi,male,South-Africa,id00015,THeNraCtKYA,"18 May 2014 Interview with Motsoaledi, HE Aaron  Ministry of Health   South Africa",56.0,id00015_THeNraCtKYA,160,TST
Lu Parker,female,The-United-States-of-America,id05284,0DlOVzkXf0A,KTLA - Lu Parker (May 11th 2012),42.0,id05284_0DlOVzkXf0A,161,TRN
Julia Ormond,female,The-United-Kingdom-1,id04430,FYaMbgxfX2Y,"Peter Dinklage, Julia Ormond, Martin Donovan on Memories in 'Rememory' | Sundance 2017",52.0,id04430_FYaMbgxfX2Y,162,TRN
Natalie Bennett,female,Australia,id06378,jGGRPo47mg8,Natalie Bennett on the Andrew Marr Show 12 April 2015,49.0,id06378_jGGRPo47mg8,163,TRN
Iñaki Gabilondo,male,Spain,id03661,w58odaE8ECA,IÑAKI GABILONDO rememora el GOLPE del 23 F   ZARAGOZA 18 FEBRERO 2014,72.0,id03661_w58odaE8ECA,164,TRN
Kumar Sangakkara,male,Sri-Lanka,id04928,QjavwWitE5A,Kumar Sangakkara is all charged up ahead of PSL 2017,40.0,id04928_QjavwWitE5A,165,TRN
Cassadee Pope,female,The-United-States-of-America,id01448,Qhfovvb1k-A,A Capitol Fourth 2016 Facebook Live with Cassadee Pope,27.0,id01448_Qhfovvb1k-A,166,TRN
Jürgen Drews,male,Germany,id04508,jrx0QjmvC5k,TOP Jürgen Drews - INTERVIEW 3/3 - Ludi Spreyer / Mallorca 2012,67.0,id04508_jrx0QjmvC5k,167,TRN
Van Hansis,male,The-United-States-of-America,id08803,n-nbR9LlPB0,Luke and Noah Sneak Peek April 2 2009,28.0,id08803_n-nbR9LlPB0,168,TRN
Cassidy Freeman,female,The-United-States-of-America,id01450,oSXzrnb8uFM,Cassidy Freeman IGN Interview  SDCC 2010,28.0,id01450_oSXzrnb8uFM,169,TRN
Brittany Snow,female,The-United-States-of-America,id01235,ABPws4-ElTs,Anna Kendrick and Brittany Snow Red Carpet Interview Trevor Live 2012,26.0,id01235_ABPws4-ElTs,170,TRN
Corrado Passera,male,Italy,id01798,dTvfCGMNtqI,"Corrado Passera, CEO Intesa San Paolo, interviewed at Meeting 2010 (Rimini) ITA",56.0,id01798_dTvfCGMNtqI,171,TRN
Nicholas Hoult,male,The-United-Kingdom-1,id06472,Vrq7ouR3_TA,Warm Bodies Interview - Nicholas Hoult (2013) - Zombie Movie HD,24.0,id06472_Vrq7ouR3_TA,172,TST
Pamela Bach,female,The-United-States-of-America,id06749,hc7q9drAh2Y,Sophie Turner Interviews Pamela Bach Hasselhoff at Gridlock 2010 New Years Eve bash   Exclusive!,47.0,id06749_hc7q9drAh2Y,173,TRN
Loïck Peyron,male,France,id05282,qItR21tz0PE,Interview Loïck Peyron du 18 septembre 2011 (FR),52.0,id05282_qItR21tz0PE,174,TRN
Owen Farrell,male,The-United-Kingdom-1,id06714,p_9opgD1oa4,Australia vs England 40-44 2016 - Owen Farrell Post Match Interview,25.0,id06714_p_9opgD1oa4,175,TRN
Kimberly Guilfoyle,female,The-United-States-of-America,id04823,JFFCIaxAKSA,Dr Ben Carson Interview with Kimberly Guilfoyle Fox News 23 Oct  2016,47.0,id04823_JFFCIaxAKSA,176,TRN
Megan Gale,female,Australia,id05915,NkFSSIVka5g,Mad Max: Fury Road (2015) Official Movie Interview - Zoe Kravitz & Courtney Eaton,40.0,id05915_NkFSSIVka5g,177,TRN
Raphael Holzdeppe,male,Denmark,id07220,dz9kAmIF8dU,Moscow 2013 - Raphael  HOLZDEPPE GER - Pole vault - Final - Gold,24.0,id07220_dz9kAmIF8dU,178,TRN
Mesut Özil,male,Turkey-country,id05976,VuZcGprVBt8,Ajax Amsterdam - Real Madrid 07.12.2011 - Mesut Özil Interview,23.0,id05976_VuZcGprVBt8,179,TRN
Dan Bárta,male,The-Czech-Republic-1,id01890,s7Rd97hdFdw,Lípa Musica - Dan Bárta - interview 2012,43.0,id01890_s7Rd97hdFdw,180,TRN
Briana Evigan,female,The-United-States-of-America,id01216,3PP0ENcxQ5Q,"Briana Evigan Interview at ""STEP UP 3D"" Los Angeles Premiere August 2, 2010",24.0,id01216_3PP0ENcxQ5Q,181,TRN
James Rodríguez,male,Colombia,id03770,1le1EZqT6MM,"James Rodriguez interview: talks Real Madrid, family, and Colombia | 2017",26.0,id03770_1le1EZqT6MM,182,TRN
Alexander Skarsgård,male,Sweden,id00282,FaCbHpa0QoY,The Legend of Tarzan Interview - Alexander Skarsgård (2016) - Adventure Movie,40.0,id00282_FaCbHpa0QoY,183,TRN
Roger Wicker,male,The-United-States-of-America,id07497,APxPVhHsaKk,It's Difficult to See Greatness | Senator Roger Wicker | 2016 Republican National Convention,65.0,id07497_APxPVhHsaKk,184,TRN
Jeroen van der Boom,male,Kingdom-of-the-Netherlands,id04009,_GMZ7e1Pa4s,Jeroen van de Boom OHL2012,40.0,id04009__GMZ7e1Pa4s,185,TRN
Masi Oka,male,Japan,id05788,WHMGsgr3x_k,"Heroes Reborn - Masi Oka Interview, SDCC 2015",41.0,id05788_WHMGsgr3x_k,186,TRN
Michelle Clunie,female,The-United-States-of-America,id06055,30zzdT5l30A,Long Island Equality Awards Gala 2010 - Michelle Clunie Introduces Peter Yacobellis,41.0,id06055_30zzdT5l30A,187,TRN
Sean Paul,male,Jamaica,id07851,NF4ICbWWUtU,Sean Paul: The 2015 GRAMMYs Red Carpet,42.0,id07851_NF4ICbWWUtU,188,TRN
Eddie McGuire,male,Australia,id02349,JlEn6wHPqkE,EMT Sun 13 May 2012 Brett Ratten,48.0,id02349_JlEn6wHPqkE,189,TRN
Leigh-Allyn Baker,female,The-United-States-of-America,id05093,n3QYIP_0Pgo,Leigh-Allyn Baker Interview | 2014 Celebrity Stuff-a-Thon | Red Carpet | #GoodLuckCharlie,42.0,id05093_n3QYIP_0Pgo,190,TRN
Guy Sebastian,male,Australia,id03266,cLUHJ9BThTg,guy sebastian on rove live 2006,25.0,id03266_cLUHJ9BThTg,191,TRN
James Hinchcliffe,male,Canada,id03760,EjMeykXlsOw,2010 IndyCar Championship Celebration Highlights,24.0,id03760_EjMeykXlsOw,192,TRN
Jyrki Katainen,male,Finland,id04494,B_6SjG2wiPI,Slush 2013 - Opening Words | Blue Stage #slush13,42.0,id04494_B_6SjG2wiPI,193,TRN
Jaromír Nohavica,male,The-Czech-Republic-1,id03848,amOhSwziSZ8,Jaromír Nohavica na Festiwalu słowa w piosence FRAZY 2016 w Poznaniu,63.0,id03848_amOhSwziSZ8,194,TST
Patrick Timsit,male,France,id06819,f4Gpb5OVv3s,Patrick Timsit invite Christophe Dechavanne sur le plateau #ONPC 10 septembre 2016,57.0,id06819_f4Gpb5OVv3s,195,TRN
Zendaya,female,The-United-States-of-America,id09171,yoZNz9b52ik,"Dancing with the Stars - Zendaya & Val Chmerkovskiy AfterBuzz TV Interview May 13th, 2013",17.0,id09171_yoZNz9b52ik,196,TST
Meaghan Martin,female,The-United-States-of-America,id05906,CaooCy8QopA,Meaghan Martin Interview - 2012 Teen Choice Awards,20.0,id05906_CaooCy8QopA,197,TRN
Daisy Fuentes,female,The-United-States-of-America,id01874,SveKsLtGoms,"Daisy Fuentes Interview at ""2008 Alma Awards""",42.0,id01874_SveKsLtGoms,198,TRN
Franck Dubosc,male,France,id02865,sQhPpzCpVy8,Franck Dubosc - On n'est pas couché 8 novembre 2014 #ONPC,51.0,id02865_sQhPpzCpVy8,199,TRN
Thomas Brodie-Sangster,male,The-United-Kingdom-1,id08521,4IAOmFUh-jw,Thomas Brodie-Sangster & Gemma Chan Interview BIFA Nominations 2015,25.0,id08521_4IAOmFUh-jw,200,TRN
Mireia Belmonte,female,Spain,id06165,F6yJHZp_U3s,Mireia Belmonte | Interview (400m Freestyle) | 2014 FINA World Swimming Championships Doha,24.0,id06165_F6yJHZp_U3s,201,TRN
James Wolk,male,The-United-States-of-America,id03775,xIOttQUudrk,"Emmys 2013: James Wolk on ""The Crazy Ones"" and ""Mad Men""",28.0,id03775_xIOttQUudrk,202,TRN
David Hasselhoff,male,The-United-States-of-America,id02039,31Lvo4FCe58,Global Gaming Expo 2012:  David Hasselhoff Interview,60.0,id02039_31Lvo4FCe58,203,TRN
Ahmet Davutoğlu,male,Turkey-country,id00129,yB82Acj5hV0,Ahmet Davutoğlu World Economic Forum 2015 Full in English,56.0,id00129_yB82Acj5hV0,204,TRN
Derrick Rose,male,The-United-States-of-America,id02151,avXa-87vQ1I,Clutch Interview with Derrick Rose (New York Knicks) in Shanghai - 2016 August,28.0,id02151_avXa-87vQ1I,205,TRN
Lisa Murkowski,female,The-United-States-of-America,id05209,DU99Kx1V_Zc,Sen. Lisa Murkowski addresses the 2009 Nuclear Energy Assembly (Part 1) (1/5),52.0,id05209_DU99Kx1V_Zc,206,TRN
Steve Ballmer,male,The-United-States-of-America,id08240,PYMyKM3_dfo,Steve Ballmer at Microsoft WPC 9 July 2008,52.0,id08240_PYMyKM3_dfo,207,TST
Wolfgang Schäuble,male,Germany,id09035,6hl9JpuD-hk,"A Conversation with Wolfgang Schäuble : Q&A segment on IPSAS (April 15, 2015)",73.0,id09035_6hl9JpuD-hk,208,TRN
Jeanine Pirro,female,The-United-States-of-America,id03942,gT-06I3OYYE,"Gov. Sarah Palin's May 21, 2011 Jeanine Pirro interview",60.0,id03942_gT-06I3OYYE,209,TRN
Sugar Ray Leonard,male,The-United-States-of-America,id08294,D-5OEtL4p1A,AMA 2010 Extended Interview with Sugar Ray Leonard,54.0,id08294_D-5OEtL4p1A,210,TRN
Sami Khedira,male,Germany,id07733,c-eQA88wtvQ,Sami Khedira - Preisträger | Goldene Henne 2014 | MDR,27.0,id07733_c-eQA88wtvQ,211,TRN
Tim Cook,male,The-United-States-of-America,id08556,Bmm5faI_mLo,"Tim Cook on Privacy and Apple Pay (Sept. 15, 2014) | Charlie Rose",54.0,id08556_Bmm5faI_mLo,212,TRN
Christian Prudhomme,male,France,id01640,_z0HiokUlsc,Route du Sud 2014 - Interview de Christian Prudhomme,54.0,id01640__z0HiokUlsc,213,TRN
Günther Jauch,male,Germany,id03284,E-KepH3u2nA,ARD hat das ARD-Interview mit Wladimir Putin 2014 weltweit gesperrt,58.0,id03284_E-KepH3u2nA,214,TRN
Milos Raonic,male,Canada,id06140,DpKbW1biPMo,Milos Raonic's on-court interview as 2016 runner-up,26.0,id06140_DpKbW1biPMo,215,TRN
Valerie Adams,female,New-Zealand,id08790,Fk8VflSlSiw,Valerie Adams (part one) - 11 April 2012,28.0,id08790_Fk8VflSlSiw,216,TRN
Viviane Reding,female,Luxembourg,id08936,zfzd2mWbMFE,"Viviane Reding, MEP and 2 times Commissioner @ the European Sting pavilion live from EBS 2015",64.0,id08936_zfzd2mWbMFE,217,TRN
Mackenzie Phillips,female,The-United-States-of-America,id05399,xMMO_uxS2Zw,The Bonnie Hunt Show with Mackenzie Phillips // 10/28/2009,50.0,id05399_xMMO_uxS2Zw,218,TRN
Jack Wilshere,male,The-United-Kingdom-1,id03694,xVMzXDfxuB4,Arsenal vs Marseille 2-0 - Jack Wilshere Post-Match Interview/Reaction [26.11.2013],21.0,id03694_xVMzXDfxuB4,219,TST
Margareta Kozuch,female,Poland,id05577,_UUKiDsb484,Margareta Anna Kozuch und Kathleen Weiß - Interview - Volleyball-EM 2013,27.0,id05577__UUKiDsb484,220,TRN
Alain Finkielkraut,male,Poland,id00175,QN12Ais-4mc,"Alain Finkielkraut - Natacha Polony, 13 novembre 2015",66.0,id00175_QN12Ais-4mc,221,TRN
Guy Verhofstadt,male,Belgium,id03267,Azgv9JlyJVk,Guy Verhofstadt 14 Sep 2016 plenary speech on State of the Union 2016,63.0,id03267_Azgv9JlyJVk,222,TRN
Vanna White,female,The-United-States-of-America,id08820,k5Bmk_CpxMA,Vanna White inteview Live! With Kelly and Michael 02.08.2016,59.0,id08820_k5Bmk_CpxMA,223,TRN
Alberto Núñez Feijóo,male,Spain,id00202,GwSkBwnXe3A,Periodista Digital. Entrevista a Alberto Núñez Feijóo. 15-10-2012,51.0,id00202_GwSkBwnXe3A,224,TST
Greg Dyke,male,The-United-Kingdom-1,id03195,KzPMynvqmeM,Roses 2013 Greg Dyke interview,66.0,id03195_KzPMynvqmeM,225,TRN
Stefanie Scott,female,Spain,id08204,NFJ_QPCGBpA,Stefanie Scott Interview - Insidious: Chapter 3 (HD) 2015,19.0,id08204_NFJ_QPCGBpA,226,TRN
James LaBrie,male,Canada,id03763,3mvoeDDAbDc,Dream Theater Interview @ Wacken 2015 - ARTE Concert,52.0,id03763_3mvoeDDAbDc,227,TRN
Scotty Nguyen,male,The-United-States-of-America,id07840,CoKqpSsaFOQ,Scotty Nguyen funny interview after his 2nd place finish at WSOP 2012 ♠ wife calls during interview,50.0,id07840_CoKqpSsaFOQ,228,TST
Fouad Twal,male,Jordan-215,id02836,G7o6fHQRu4A,Voeux de S.B. le Patriarche Fouad Twal  Noël 2010,70.0,id02836_G7o6fHQRu4A,229,TST
Felicity Huffman,female,The-United-States-of-America,id02760,XXT7L3tj7mc,Felicity Huffman and Amanda Peet Interview - Trust Me (2014) JoBlo.com HD,52.0,id02760_XXT7L3tj7mc,230,TRN
David Paterson,male,The-United-States-of-America,id02052,TFXr99_OTf8,RNN Interview with NY Gov. David Paterson at the 2008 DNC,54.0,id02052_TFXr99_OTf8,231,TRN
Mona Sahlin,female,Sweden,id06228,L_-wirNIjKc,Mona Sahlin interview with Demtsi Hezbi 21 Sep 2014,57.0,id06228_L_-wirNIjKc,232,TRN
Andie MacDowell,female,The-United-States-of-America,id00472,UHXWYC_hjsU,Andie MacDowell Presents Supporting Actor to Hugh Grant - Hollywood Film Awards 2016,58.0,id00472_UHXWYC_hjsU,233,TST
Mark Leno,male,The-United-States-of-America,id05691,SbK4vXrl_QM,Scott Wiener with Mark Leno in the 2010 Pride Parade,59.0,id05691_SbK4vXrl_QM,234,TRN
Tony Pulis,male,The-United-Kingdom-1,id08658,R7BzO2sQ4GY,Tony Pulis Post Match Interview Swansea 3 1 Stoke City 19 01 2013 - YouTube.flv,55.0,id08658_R7BzO2sQ4GY,235,TRN
John Lydon,male,The-United-Kingdom-1,id04223,03HIH7gg1rA,John Lydon Interview Record Store Day 2012,56.0,id04223_03HIH7gg1rA,236,TRN
Greg Proops,male,The-United-States-of-America,id03202,6VpaSULZYYQ,Just For Laughs Festival 2016 Backstage: Greg Proops,57.0,id03202_6VpaSULZYYQ,237,TRN
Bob Corker,male,The-United-States-of-America,id01100,D2VYFFRrh-I,Senator Bob Corker / Washington Ideas Forum 2015,63.0,id01100_D2VYFFRrh-I,238,TRN
Anthony Davis,male,The-United-States-of-America,id00690,DynKIelqHnE,2012 NBA Draft Lottery - With Anthony Davis Interview,19.0,id00690_DynKIelqHnE,239,TRN
Ken Loach,male,The-United-Kingdom-1,id04716,LbZmOn5pzwg,"Ken Loach At Cannes - ""Route Irish"" Interview At Cannes 2010",74.0,id04716_LbZmOn5pzwg,240,TRN
Louis van Gaal,male,Kingdom-of-the-Netherlands,id05272,9su1O9FF_2o,Manchester United vs Liverpool 3-0  Louis Van Gaal Post Match Interview 14 12 2014,63.0,id05272_9su1O9FF_2o,241,TRN
Aníbal Cavaco Silva,male,Portugal,id00736,HFSc50phAb8,"Discurso do Presidente da República, Prof. Dr. Aníbal Cavaco Silva na Garland 21.01.2012",73.0,id00736_HFSc50phAb8,242,TRN
Jay Triano,male,Canada,id03894,LkXJowTium0,"Jay Triano, Jack Diamond Award Recipient, Vancouver JCC Sports Dinner Feb. 2016",58.0,id03894_LkXJowTium0,243,TRN
Dave Bing,male,The-United-States-of-America,id02004,yaL6gPvSDe8,Detroit Mayor Dave Bing's 2011 State of the City Speech,68.0,id02004_yaL6gPvSDe8,244,TRN
George Takei,male,The-United-States-of-America,id03028,IFbKxqAYscw,"George Takei interview on Mornings, April 2015",78.0,id03028_IFbKxqAYscw,245,TRN
Valerie Plame,female,The-United-States-of-America,id08795,gKOpDvk6sP4,Valerie Plame: Rise of the National Security establishment (2014),51.0,id08795_gKOpDvk6sP4,246,TRN
Reuven Rivlin,male,Israel,id07303,X7niPtKoICk,"Secretary of Defense Mattis meeting with Israeli President Reuven Rivlin. Jerusalem April 21, 2017",78.0,id07303_X7niPtKoICk,247,TRN
Bette Midler,female,The-United-States-of-America,id01010,lGgpKAGHbx8,Bette Midler On The View 2014,69.0,id01010_lGgpKAGHbx8,248,TRN
Kathleen Wynne,female,Canada,id04644,QMgaqKlMZyE,2016 Liberal Convention – Kathleen Wynne and Liz Plank,63.0,id04644_QMgaqKlMZyE,249,TRN
Jessica Sanchez,female,The-United-States-of-America,id04051,cGyYv_7nAeU,Exclusive Jessica Sanchez Interview - Christina Grimmie Presents The Road Show Ep.9 - Live Tour 2012,17.0,id04051_cGyYv_7nAeU,250,TST
Bernhard Brink,male,Germany,id00984,ydZYnSaYL6A,Bernhard Brink - im Gespräch 2014,62.0,id00984_ydZYnSaYL6A,251,TRN
Kiran Mazumdar-Shaw,female,India,id04839,8zizsSucGjg,"Kiran Mazumdar Shaw interview with ET Now on Biocon's Outlook, August 22, 2013",60.0,id04839_8zizsSucGjg,252,TRN
Geoffrey Rush,male,Australia,id03014,A5CpL8bQeI8,Geoffrey Rush: The King's Speech interview at the National Movie Awards 2011,60.0,id03014_A5CpL8bQeI8,253,TRN
Michel Boujenah,male,France,id06040,W3X-fqlqM30,La blague préférée de Michel Boujenah - C à vous - 11/11/2014,62.0,id06040_W3X-fqlqM30,254,TRN
Alyson Stoner,female,The-United-States-of-America,id00374,uqAP5wr9HeQ,An oceanUP Interview with Alyson Stoner at the 2012 KCAs!,19.0,id00374_uqAP5wr9HeQ,255,TRN
Hannes Swoboda,male,Austria,id03327,g07AlYDAz5I,European elections: Populist parties ride eurosceptic wave - TALKING EUROPE 2014-02-08,68.0,id03327_g07AlYDAz5I,256,TRN
Jessica Lange,female,The-United-States-of-America,id04045,yn_XKDVFqmY,TIFF (2013) : Elizabeth Olsen Gushes About Working With Jessica Lange - THR,64.0,id04045_yn_XKDVFqmY,257,TRN
Stéphane Le Foll,male,France,id08289,4APUEcF-Mio,Stéphane Le Foll à la Foire du Mans 2013,53.0,id08289_4APUEcF-Mio,258,TRN
Bob Marley,male,Jamaica,id01109,4NWVXVQMROU,Interview: Julian Marley (Bob Marley's son) | 2016 Riot Fest Chicago,71.0,id01109_4NWVXVQMROU,259,TRN
Michael McKean,male,The-United-States-of-America,id06008,DvKV6cCO_zQ,Michael McKean Interview | Paley Fest 2016 | Better Call Saul,69.0,id06008_DvKV6cCO_zQ,260,TRN
Gloria Hunniford,female,The-United-Kingdom-1,id03149,SZgkyHcnDVQ,ITV's This Morning with Jacky Newcomb and Gloria Hunniford talking about Angels 2011,71.0,id03149_SZgkyHcnDVQ,261,TRN
Pia Kjærsgaard,female,Denmark,id07007,UfmyEAY-d9E,Pia Kjærsgaard 7. nov. 2007,60.0,id07007_UfmyEAY-d9E,262,TRN
Tommy Tuberville,male,The-United-States-of-America,id08629,YuEjbPHQN9s,Tommy Tuberville 2015 Signing Day Press Conference,61.0,id08629_YuEjbPHQN9s,263,TRN
Sophia Loren,female,Italy,id08167,cTTDPZ_YM4c,SOPHIA LOREN at Turner Classic Film Festival 2015,81.0,id08167_cTTDPZ_YM4c,264,TRN
Marty Markowitz,male,The-United-States-of-America,id05751,OvMIK1YoG5s,State of the Borough 2013: Jay Black,68.0,id05751_OvMIK1YoG5s,265,TRN
Diarmuid Martin,male,The-Republic-of-Ireland,id02183,P9MCbTQwb2U,2016 Saturday Eucharist Archbishop Diarmuid Martin DD,71.0,id02183_P9MCbTQwb2U,266,TRN
Sharad Pawar,male,India,id07979,h9oG-Uc6_6E,Exclusive interview with Sharad Pawar on Lok Sabha polls 2014,74.0,id07979_h9oG-Uc6_6E,267,TRN
Bob Baffert,male,The-United-States-of-America,id01097,mjgws0xIW4Q,RECAP: Arrogate Wins 2017 Pegasus World Cup,64.0,id01097_mjgws0xIW4Q,268,TRN
Lee Myung-bak,male,South-Korea,id05079,9zBrR8275lE,Keynote Address by Korean President Lee Myung-bak  At Global Korea 2009,68.0,id05079_9zBrR8275lE,269,TST
Piero Fassino,male,Italy,id07012,liBPiuZDiF4,Intervista Fassion OPEN DAYS 2012,63.0,id07012_liBPiuZDiF4,270,TRN
Harry Reid,male,The-United-States-of-America,id03352,f2zBy8dmbPI,"INTERVIEW WITH SEN. REID - MAY 11, 2007",68.0,id03352_f2zBy8dmbPI,271,TRN
Susan Sarandon,female,The-United-States-of-America,id08317,vQifmdxGBk0,Susan Sarandon in David. Letterman Show 22 December 2009,63.0,id08317_vQifmdxGBk0,272,TRN
Radimir Čačić,male,Croatia,id07137,fEiLZLWLuls,The Brown Forum 2012: Radimir Čačić,63.0,id07137_fEiLZLWLuls,273,TRN
Valerie Harper,female,The-United-States-of-America,id08792,KE5Ful_g_hA,"Dancing with the Stars - Valerie Harper & Tristan MacManus AfterBuzz TV Interview Sept 30th, 2013",74.0,id08792_KE5Ful_g_hA,274,TRN
Freek de Jonge,male,Kingdom-of-the-Netherlands,id02908,ub2HDFeld8Q,Panache AFL 18 - 25 september 2012,68.0,id02908_ub2HDFeld8Q,275,TRN
Ghita Nørby,female,Denmark,id03060,NTd9zRdEnsg,Ghita Nørby - Robert Prisen 2016,81.0,id03060_NTd9zRdEnsg,276,TRN
Whoopi Goldberg,female,The-United-States-of-America,id08999,0FUCH2zY4gM,Whoopi Goldberg at the 2016 Star Trek Convention,61.0,id08999_0FUCH2zY4gM,277,TRN
Brian May,male,The-United-Kingdom-1,id01206,xr4D55FdAgU,Brian May interview with Adam Boulton Sky News 24 March 2015,68.0,id01206_xr4D55FdAgU,278,TRN
Anthony Hopkins,male,The-United-States-of-America,id00692,NHd0OltZ_vc,Noah Interview - Anthony Hopkins (2014) - Darren Aronofsky Movie HD,77.0,id00692_NHd0OltZ_vc,279,TRN
Kapil Sibal,male,India,id04554,t4yqWIBGDzU,Budget 2013: Kapil Sibal Special (Full Interview),65.0,id04554_t4yqWIBGDzU,280,TRN
Larry David,male,The-United-States-of-America,id04995,ClskQ8kgZt4,Larry David Interview 2017 - Talk with Larry David,70.0,id04995_ClskQ8kgZt4,281,TRN
Merle Haggard,male,The-United-States-of-America,id05969,e6Zi-wNokZM,"Kris Kristofferson, Willie Nelson & Merle Haggard on the GRAMMYs Red Carpet 2014",77.0,id05969_e6Zi-wNokZM,282,TRN
Nguyễn Phú Trọng,male,Vietnam,id06465,ci2JuD-r8fQ,2vnr radio interview 173/1: Bình luận về thời sự & tình hình chính trị thế giới tuần thứ 4-2017,73.0,id06465_ci2JuD-r8fQ,283,TRN
Thomas Menino,male,The-United-States-of-America,id08528,C5TX1QFDUTs,Mayor Menino Interview August 2014,72.0,id08528_C5TX1QFDUTs,284,TRN
Jan Eliasson,male,Sweden,id03796,qUSFmO9gVCg,Interview with UN MDG Ambassador Jan Eliasson - Sept 2010,70.0,id03796_qUSFmO9gVCg,285,TRN
Tony La Russa,male,The-United-States-of-America,id08651,18mvw1mh2YU,Tony La Russa Interview Teaser - 2014 Baseball Hall of Fame Inductees,70.0,id08651_18mvw1mh2YU,286,TRN
Barney Frank,male,The-United-States-of-America,id00903,iDNrxxernsw,Mount Madonna DC 2010 - Barney Frank Interview,70.0,id00903_iDNrxxernsw,287,TRN
Macha Méril,female,France,id05392,OYaKqLojWCo,Macha Méril: L'invité du jour du 29/04/2014 dans A La Bonne Heure - RTL - RTL,74.0,id05392_OYaKqLojWCo,288,TST
Judi Dench,female,The-United-Kingdom-1,id04409,YEfgG64sHoY,Miss Peregrine's Home for Peculiar Children Interview - Judi Dench (2016) - Movie,82.0,id04409_YEfgG64sHoY,289,TRN
Günter Verheugen,male,Germany,id03283,IkkqwyTUB30,Günter Verheugen bei der Award Night 2016,72.0,id03283_IkkqwyTUB30,290,TRN
Abdul Qadeer Khan,male,Pakistan,id00028,ppp0tekF9yY,Dr. Abdul Qadeer Khan - Latest Interview -11/09/2010 - Part 3,74.0,id00028_ppp0tekF9yY,291,TRN
Kate Linder,female,The-United-States-of-America,id04621,Wg0a4enBUF8,"Kate Linder, Night of 100 Stars 2017, The Young And The Restless",70.0,id04621_Wg0a4enBUF8,292,TRN
Gary Player,male,South-Africa,id02979,stp0agpTfa8,Gary Player: Phil Mickelson is 2013 Player of the Year,78.0,id02979_stp0agpTfa8,293,TRN
Jackie Collins,female,The-United-Kingdom-1,id03696,Ckc7toWnhTM,I Love Movies: Jackie Collins - The Godfather (2015) HD,78.0,id03696_Ckc7toWnhTM,294,TRN
Hor Namhong,male,Cambodia,id03483,X8ZYcr4QDAY,2011-02-22 Foreign Minister Hor Namhong Live from Jakarta,76.0,id03483_X8ZYcr4QDAY,295,TRN
Tommy Chong,male,The-United-States-of-America,id08625,UUm9zAuNaXY,"Tommy Chong IMTelevision Interview June 6, 2015",77.0,id08625_UUm9zAuNaXY,296,TRN
Muhammad Yunus,male,,id06262,t1CLecJ43cE,GSBS 2013 - Prof. Muhammad Yunus,73.0,id06262_t1CLecJ43cE,297,TRN
Arlene Phillips,female,The-United-Kingdom-1,id00770,xg7RW8yj0go,Arlene Phillips Interview South Bank Sky Arts Awards 2016,73.0,id00770_xg7RW8yj0go,298,TRN
Eugenie Bouchard,female,Canada,id02642,KPcWExAna88,Eugenie Bouchard à Salut Bonjour (29 Août 2012),18.0,id02642_KPcWExAna88,299,TRN
Laura Robson,female,The-United-Kingdom-1,id05012,IgeeqbserYk,AEGON GB Pro-Series Barnstaple 2011 - ITV,17.0,id05012_IgeeqbserYk,300,TST
Adam Irigoyen,male,The-United-States-of-America,id00053,ExMgO-z22_M,Roshon Fegan & Adam Irigoyen Talk End of SHAKE IT UP - 2013 D23 Expo,16.0,id00053_ExMgO-z22_M,301,TST
Lou Holtz,male,The-United-States-of-America,id05257,e9NnTAYEwME,LOU HOLTZ IN KENDALLVILLE INTERVIEW PART ONE APRIL 22 2010,73.0,id05257_e9NnTAYEwME,302,TRN
Pierre Arditi,male,France,id07015,7R4Zd9V5wRI,Pierre Arditi - On n'est pas couché 4 février 2017 #ONPC,73.0,id07015_7R4Zd9V5wRI,303,TRN
Caitlin Upton,female,The-United-States-of-America,id01306,fQKNvPn3V-8,Miss Teen USA 2007 - South Carolina on Today show,18.0,id01306_fQKNvPn3V-8,304,TST
Vince Cable,male,The-United-Kingdom-1,id08901,y4vFLsBuSZ8,8 January 2015: Julia Hartley-Brewer on the Ched Evans case (BBC Question Time),72.0,id08901_y4vFLsBuSZ8,305,TRN
Matteo Manassero,male,Italy,id05827,s8D3lebgQGA,Matteo Manassero - Interview at The 2012 European Tour Awards Dinner,19.0,id05827_s8D3lebgQGA,306,TST
Madeleine Albright,female,Czechoslovakia-former-country,id05401,93_n5fV_vlU,Madeleine Albright & Condoleezza Rice at the 2017 Watermark Conference for Women,80.0,id05401_93_n5fV_vlU,307,TRN
Bernard Tomic,male,Australia,id00981,fmEFRdLD6Z0,Bernard Tomic interview: US Open 2011,19.0,id00981_fmEFRdLD6Z0,308,TRN
Alex Ferguson,male,The-United-Kingdom-1,id00255,knwvnyWVSIg,Interview With Sir Alex Ferguson At The 2016 Grassroots Soccer Gala,75.0,id00255_knwvnyWVSIg,309,TRN
Jean-Michel Baylet,male,France,id03921,wKmirYjFWbY,Nouveau : le zapping de janvier 2017 by Ecomnews !,71.0,id03921_wKmirYjFWbY,310,TRN
Taylor Hall,male,Canada,id08438,wPUhN271ZDI,"Taylor Hall interview @ Niagara, Feb.6, 2010",19.0,id08438_wPUhN271ZDI,311,TRN
James Brolin,male,The-United-States-of-America,id03749,mCzJPttli1o,"James Brolin Interview at CBS, THE CW & SHOWTIME TCAs 2015",75.0,id03749_mCzJPttli1o,312,TRN
Sylvie Vartan,female,France,id08354,a-YGzkrVE5Q,Sylvie Vartan Interview Los Angeles 2016,72.0,id08354_a-YGzkrVE5Q,313,TST
Caroline Sunshine,female,The-United-States-of-America,id01425,_m8h-A-rrP0,Caroline Sunshine Interview - 2012 Hollywood Christmas Parade,17.0,id01425__m8h-A-rrP0,314,TRN
Doğu Perinçek,male,Turkey-country,id02293,ojOGpOsn7sQ,Genç Bakış - 22 Nisan 2015 | Doğu Perinçek - Ahmet Ünal Çeviköz Part 3,73.0,id02293_ojOGpOsn7sQ,315,TRN
Otto Rehhagel,male,Germany,id06709,2XMYzr7vHQs,REHHAGEL Euro 2008 Interview AFTER THE RUSSIA GAME,70.0,id06709_2XMYzr7vHQs,316,TST
Jared Sullinger,male,The-United-States-of-America,id03840,RTrOdAc1Ynk,Jared Sullinger DraftExpress 2011 adidas Nations Interview & Practice Footage,19.0,id03840_RTrOdAc1Ynk,317,TST
Eddie Levert,male,The-United-States-of-America,id02348,o_IC2IXk07s,Neighborhood Awards 2014- Eddie Levert,72.0,id02348_o_IC2IXk07s,318,TRN
Michael Bloomberg,male,The-United-States-of-America,id05986,y-pi4B7M1rA,Michael R. Bloomberg 2017 Commencement Address,75.0,id05986_y-pi4B7M1rA,319,TRN
Lemmy,male,The-United-Kingdom-1,id05100,zr-UegUnOqY,Motörhead Tour 2015 / 2016 - Interview mit Lemmy / Paris (ZDF aspekte 20.11.15),70.0,id05100_zr-UegUnOqY,320,TRN
Norbert Blüm,male,Germany,id06613,9O5FkW2mVxk,"EINSPRUCH: Norbert Blüms heftige Kritik an der dt. Justiz [""LANZ"" am 23.10.2014]",79.0,id06613_9O5FkW2mVxk,321,TRN
Cody Simpson,male,Australia,id01769,vuxM_UTnXrY,Cody Simpson Interview 2014 // Western TV,17.0,id01769_vuxM_UTnXrY,322,TST
Roselyne Bachelot,female,France,id07568,bA0lYIla0ug,Roselyne Bachelot : la solitude est le prix à payer pour la liberté - Folie Passagère 06/01/2016,70.0,id07568_bA0lYIla0ug,323,TRN
Ariel Winter,female,The-United-States-of-America,id00758,CWF5o1EGT-o,"ARIEL WINTER Interview at ""Inspire A little Love"" Event April 16, 2010",12.0,id00758_CWF5o1EGT-o,324,TRN
Jordyn Wieber,female,The-United-States-of-America,id04305,niW_mgVJJkE,Jordyn Wieber Interview - 2009 Tyson American Cup - NBC,14.0,id04305_niW_mgVJJkE,325,TRN
Dionne Warwick,female,The-United-States-of-America,id02228,P2wgVq8V-Fw,Songbook Celebration 2016 - Interviews,76.0,id02228_P2wgVq8V-Fw,326,TRN
Helmut Schmidt,male,Weimar-Republic,id03414,5ztaN73owOw,Helmut Schmidt bei Beckmann - 2008 - Teil 1 von 7,90.0,id03414_5ztaN73owOw,327,TST
Missy Franklin,female,The-United-States-of-America,id06195,5Mw7APNMYpQ,Missy Franklin Post Race Interview - 200 Backstroke - 2014 Santa Clara Grand Prix,19.0,id06195_5Mw7APNMYpQ,328,TRN
Sepp Blatter,male,Switzerland,id07902,DY1aLT0N-w0,Sepp Blatter interview 20141023 everybody missed,78.0,id07902_DY1aLT0N-w0,329,TRN
Robert Redford,male,The-United-States-of-America,id07429,FZBZ5KmKdX8,Robert Redford Interview PETE'S DRAGON (2016),80.0,id07429_FZBZ5KmKdX8,330,TRN
Fátima Ptacek,female,The-United-States-of-America,id02924,2WwUKwnOJfs,Fatima Ptacek at the Kids' Choice Sports 2014‎ Awards #KidsChoiceSports #KCAOnNick,14.0,id02924_2WwUKwnOJfs,331,TRN
Lena Meyer-Landrut,female,Germany,id05104,eJBX4xiTnc4,Oslo 2010 - Lena Meyer-Landrut bei Wetten dass...? www.djs365.de,19.0,id05104_eJBX4xiTnc4,332,TRN
Débora Lyra,female,Brazil,id02327,a_jcMGjGbkE,Miss Brasil 2007 - Semifinalists interview,18.0,id02327_a_jcMGjGbkE,333,TRN
Israel Broussard,male,The-United-States-of-America,id03632,gUr0-z8THz4,The Bling Ring 2013 - Israel Broussard & Katie Chang : Beyond The Trailer,19.0,id03632_gUr0-z8THz4,334,TRN
Eoghan Quigg,male,The-United-Kingdom-1,id02566,aWUgTSvEIFs,XFactor 2008 FINAL Boyzone backstage EOGHAN QUIGG SEMI NAKED SHIRTLESS,16.0,id02566_aWUgTSvEIFs,335,TRN
Dyson Heppell,male,,id02323,RZf4tfgW-yE,Dyson Heppell Interview (Essendon FC) - 2010 AFL Draft,18.0,id02323_RZf4tfgW-yE,336,TRN
Bailee Madison,female,The-United-States-of-America,id00876,fBr1sM7Ylvc,Bailee Madison Red Carpet Interview - AMAs 2014,15.0,id00876_fBr1sM7Ylvc,337,TRN
Isabelle Fuhrman,female,The-United-States-of-America,id03621,kGri6093JAA,"ISABELLE FUHRMAN at ORPHAN Premiere July 21, 2009",12.0,id03621_kGri6093JAA,338,TRN
Nathan Kress,male,The-United-States-of-America,id06414,n-2p5JX73Zs,An oceanUP Interview with Nathan Kress 6/4/2011,19.0,id06414_n-2p5JX73Zs,339,TRN
Cesc Fàbregas,male,Spain,id01493,cjEnTN-QWvk,Cesc Fabregas Interview 2006 TV Online,19.0,id01493_cjEnTN-QWvk,340,TRN
Sacha Parkinson,female,The-United-Kingdom-1,id07678,5EYnDdcsb0s,Brooke Vincent & Sacha Parkinson BSA 2011,19.0,id07678_5EYnDdcsb0s,341,TRN
Molly Quinn,female,The-United-States-of-America,id06220,51ghtKjWx2s,Molly C Quinn Interview 2010 Hollywood Christmas Paradeon - Child Trafficking,17.0,id06220_51ghtKjWx2s,342,TRN
Qory Sandioriva,female,Indonesia,id07093,Q2ZfU5k3wms,DUKUNGAN PUTERI INDONESIA 2009,18.0,id07093_Q2ZfU5k3wms,343,TRN
Dieter Hallervorden,male,Germany,id02203,GGek_BmgYtc,Dieter Hallervorden - Didi auf vollen Touren 2016 - WDR,81.0,id02203_GGek_BmgYtc,344,TRN
Lexi Ainsworth,female,The-United-States-of-America,id05152,XOA5O1TgJd4,"Lexi Ainsworth Interview at ""2010 Daytime Emmy Awards"" June 27",18.0,id05152_XOA5O1TgJd4,345,TRN
Stefanía Fernández,female,Venezuela,id08209,5nO8OR1gi7o,"Miss Universe 2009, Stefania Fernandez on Cnn en Espanol",19.0,id08209_5nO8OR1gi7o,346,TRN
Håvard Nordtveit,male,Norway,id03511,e7XtdD6DVIs,KTV - LSK - Viking 2009 - Etter kampen,19.0,id03511_e7XtdD6DVIs,347,TRN
Elizabeth Gillies,female,The-United-States-of-America,id02458,lz8DZBIMONg,An oceanUP Interview with Ariana Grande & Liz Gillies at the 2012 KCAs!,19.0,id02458_lz8DZBIMONg,348,TRN
Gabriella Cilmi,female,Australia,id02946,UCf5Ge5uy9s,On The Red Carpet With Gabriella Cilmi at the Brits 2009,18.0,id02946_UCf5Ge5uy9s,349,TRN
Yanina Wickmayer,female,Belgium,id09066,XTO4Bne5M5U,Yanina Wickmayer Eind 2007,18.0,id09066_XTO4Bne5M5U,350,TRN
Magnus Carlsen,male,Norway,id05427,rQV_CCLBfTU,Corus 2008 | Opening Ceremony | Interview Magnus Carlsen,18.0,id05427_rQV_CCLBfTU,351,TRN
Larissa Marolt,female,Austria,id04993,sCDkdER4RIw,Leading Ladies Award 2009,17.0,id04993_sCDkdER4RIw,352,TST
Teresa Scanlan,female,The-United-States-of-America,id08462,vNz--iBpVJA,Miss Ameirca 2011 Teresa Scanlan Interview Part Two,18.0,id08462_vNz--iBpVJA,353,TRN
Jean Ziegler,male,Switzerland,id03939,uH3IObqWDLs,Jean-Luc Mélenchon & Jean Ziegler «Esprit de campagne» Feuille de route 19.04.2017,83.0,id03939_uH3IObqWDLs,354,TRN
Greyson Chance,male,The-United-States-of-America,id03215,LSATJF9vCEM,Greyson Chance - 20/20: YouTube Generation (09-23-2011) - ABC,14.0,id03215_LSATJF9vCEM,355,TRN
Rajat Tokas,male,India,id07177,JxpKA48PpTQ,Rajat Tokas SBS interview   on his Birthday 2009,18.0,id07177_JxpKA48PpTQ,356,TRN
Ornella Vanoni,female,Italy,id06698,mzQt2OLHt_M,Intervista a Ornella Vanoni (Casinò Perla - 18/03/2016),82.0,id06698_mzQt2OLHt_M,357,TRN
Shawn Johnson,female,The-United-States-of-America,id07996,zhxPvMyLNkM,Shawn Johnson Interview - 2009 Visa Championships - Women - Day 2,17.0,id07996_zhxPvMyLNkM,358,TRN
Tyger Drew-Honey,male,The-United-Kingdom-1,id08724,HBtW7-LDXQk,Ramona Marquez on One Show 2011 - Part 1,15.0,id08724_HBtW7-LDXQk,359,TRN
Helmut Kohl,male,Weimar-Republic,id03412,QYhTHVblJeU,Dokumentation History   Helmut Kohl Und Sein Werdegang 2015 Neu!,85.0,id03412_QYhTHVblJeU,360,TRN
Taylor Spreitler,female,The-United-States-of-America,id08442,S6iTgmrns8U,Taylor Spreitler & Nick Robinson 2011 Kids' Choice Awards Interview,18.0,id08442_S6iTgmrns8U,361,TRN
Jonas Valančiūnas,male,Lithuania,id04270,NqIDnR7qZ90,Jonas Valanciunas - 2011 NBA Draft - Media Day Interview,19.0,id04270_NqIDnR7qZ90,362,TRN
Eric Church,male,The-United-States-of-America,id02576,1oWKkGI0Zso,Eric Church Interview at the CMA 2013 Awards,36.0,id02576_1oWKkGI0Zso,363,TST
Eric Church,male,The-United-States-of-America,id02576,agxjz_O2Wfs,Eric Church Interview | CMA Awards 2012 | CMA,35.0,id02576_agxjz_O2Wfs,364,TST
Eric Church,male,The-United-States-of-America,id02576,63OwI-KRytk,"Eric Church on ""Smoke a Little Smoke"" & His Letter From Bruce Springsteen - Austin City Limits 2013",36.0,id02576_63OwI-KRytk,365,TST
Eric Church,male,The-United-States-of-America,id02576,Fbivq3kISM0,Eric Church Red Carpet Interview ACM Awards 2011,34.0,id02576_Fbivq3kISM0,366,TST
Eric Church,male,The-United-States-of-America,id02576,KSPxKqohJwk,Eric Church 02 Red Carpet Interview ACM Awards 2011,34.0,id02576_KSPxKqohJwk,367,TST
T. J. Miller,male,The-United-States-of-America,id08374,_YkWaHZV-uc,Olivia Munn and TJ Miller Red Carpet Interview - AMAs 2016,35.0,id08374__YkWaHZV-uc,368,TST
Nick Offerman,male,The-United-States-of-America,id06484,61pW_b9p1rU,Nick Offerman on Woodworking and Hunting with Chris Pratt | Sundance 2015 Interview,45.0,id06484_61pW_b9p1rU,369,TST
Nick Offerman,male,The-United-States-of-America,id06484,s_gdU7ISimM,We're The Millers Interview - Nick Offerman (2013) - Jennifer Aniston Movie HD,43.0,id06484_s_gdU7ISimM,370,TST
Nick Offerman,male,The-United-States-of-America,id06484,4j0SrxBqqx8,Me and Earl and the Dying Girl Interview - Nick Offerman (2015) - Olivia Cooke Drama HD,45.0,id06484_4j0SrxBqqx8,371,TST
Nick Offerman,male,The-United-States-of-America,id06484,9cE3TbdWhlk,"Nick Offerman in Late Show with David Letterman March 13, 2012",42.0,id06484_9cE3TbdWhlk,372,TST
Dwayne Johnson,male,The-United-States-of-America,id02317,wxl7SCNprJw,Dwayne Johnson and Auli'i Cravalho Exclusive 'Moana' Interview (2016),44.0,id02317_wxl7SCNprJw,373,TST
Katie Price,female,The-United-Kingdom-1,id04657,je7DTpO1uuE,Katie Price Interview on Daybreak 19th June 2013 (Full HD),35.0,id04657_je7DTpO1uuE,374,TST
Channing Tatum,male,The-United-States-of-America,id01509,p-2RkcS71bk,Channing Tatum Red Carpet Interview 2013,33.0,id01509_p-2RkcS71bk,375,TST
Channing Tatum,male,The-United-States-of-America,id01509,JJcldHh4ztQ,White House Down Interview - Channing Tatum (2013) - Jamie Foxx Movie HD,33.0,id01509_JJcldHh4ztQ,376,TST
Jamie Oliver,male,The-United-Kingdom-1,id03789,u0ZSauqu4Mk,"Jamie Oliver in Late Show with David Letterman April 5, 2011",36.0,id03789_u0ZSauqu4Mk,377,TST
Jamie Oliver,male,The-United-Kingdom-1,id03789,I0fP_QvtU1g,Jamie Oliver interview on The Project - Ministry of Food (2012),37.0,id03789_I0fP_QvtU1g,378,TST
Jamie Oliver,male,The-United-Kingdom-1,id03789,_Atu8_ouSms,"""Jamie Oliver & Jimmy Doherty"" On The Jonathan Ross Show Ep 11.28 December 2013 Part 4/5",38.0,id03789__Atu8_ouSms,379,TST
Shane Filan,male,The-Republic-of-Ireland,id07961,vEQi0o5Q9aU,"MTV CHINA 天籁村 Shane Filan Interview Part.1 03/07/2014 (only Shane, other part deleted)",35.0,id07961_vEQi0o5Q9aU,380,TST
Shane Filan,male,The-Republic-of-Ireland,id07961,nZsk5QOOZE0,"Shane Filan - Interview (Manila Promo Tour, September 2013)",34.0,id07961_nZsk5QOOZE0,381,TST
Justin Bieber,male,Canada,id04478,nhLuGj0vGb8,Justin Bieber Interview Backstage At Capital FM's Summertime Ball 2012,18.0,id04478_nhLuGj0vGb8,382,TST
Justin Bieber,male,Canada,id04478,qn9xfNnFwRQ,"Justin Bieber's Interview at The Edge NZ radio station in Auckland, New Zealand - October 1, 2015",21.0,id04478_qn9xfNnFwRQ,383,TST
Justin Bieber,male,Canada,id04478,W57hoPpAz6c,"Justin Bieber's  interview for RED! in Berlin, Germany - September 15, 2015",21.0,id04478_W57hoPpAz6c,384,TST
Justin Bieber,male,Canada,id04478,Uo0zlhtlA9c,Justin Bieber Interview - Young Hollywood Awards 2014,20.0,id04478_Uo0zlhtlA9c,385,TST
Justin Bieber,male,Canada,id04478,uB4LaJ7g8Yk,Justin Bieber Interview 2010,16.0,id04478_uB4LaJ7g8Yk,386,TST
Justin Bieber,male,Canada,id04478,81Tb6kjlNIk,"Justin Bieber interview on Mai FM 88 6 in Auckland, New Zealand - October 1, 2015",21.0,id04478_81Tb6kjlNIk,387,TST
Justin Bieber,male,Canada,id04478,swLghyvhoqA,"Justin Bieber's interview with Paul Henry in Auckland, New Zealand - October 1, 2015",21.0,id04478_swLghyvhoqA,388,TST
Leonardo DiCaprio,male,The-United-States-of-America,id05124,qRttQ-PP5-8,Leonardo DiCaprio and Tom Hardy Exclusive Interview - THE REVENANT (2015),41.0,id05124_qRttQ-PP5-8,389,TST
Leonardo DiCaprio,male,The-United-States-of-America,id05124,yBYSNRjpusk,The Great Gatsby Interview - Leonardo DiCaprio (2013) - Carey Mulligan Movie HD,39.0,id05124_yBYSNRjpusk,390,TST
Laura Vandervoort,female,Canada,id05015,KIjDMxL8U8g,Laura Vandervoort (Supergirl & Smallville) interview at Space City Comic Con 2016,32.0,id05015_KIjDMxL8U8g,391,TST
Laura Vandervoort,female,Canada,id05015,BhJyjw-DwxQ,"""NEW"" SMALLVILLE: LAURA VANDERVOORT ""2011 INTERVIEW""",27.0,id05015_BhJyjw-DwxQ,392,TST
Laura Vandervoort,female,Canada,id05015,xk2aMaS8QAo,Laura Vandervoort - Bitten - SDCC 2015,31.0,id05015_xk2aMaS8QAo,393,TST
Laura Vandervoort,female,Canada,id05015,8ZmTuOR_tIg,V - Season 2: Comic-Con 2010 Exclusive: Laura Vandervoort,26.0,id05015_8ZmTuOR_tIg,394,TST
Adam Rodríguez,male,The-United-States-of-America,id00061,0G9G9oyFHI8,"Cinemacon 2015: Channing Tatum, Joe Mangeniello Interview - Magic Mike XXL (HD) 2015",40.0,id00061_0G9G9oyFHI8,395,TST
Charlie Sheen,male,The-United-States-of-America,id01541,sMDYdAB0MPs,Charlie Sheen al David Letterman 14-01-2013 (sub ita),48.0,id01541_sMDYdAB0MPs,396,TST
Charlie Sheen,male,The-United-States-of-America,id01541,d8lwJfQrClk,Best of Charlie Sheen (Today Show & Alex Jones radio show) 2011... WINNING!,46.0,id01541_d8lwJfQrClk,397,TST
Jon Bon Jovi,male,The-United-States-of-America,id04253,RqICstewlTs,"Bon Jovi tour 2011, interview w Jon",49.0,id04253_RqICstewlTs,398,TST
Jon Bon Jovi,male,The-United-States-of-America,id04253,yh7acTe-vnA,Larry King Live - Jon Bon Jovi (Interview - 12/09/2010),48.0,id04253_yh7acTe-vnA,399,TST
Russell Crowe,male,New-Zealand,id07621,1F_SgMHbygk,Les Misérables Interview - Russell Crowe (2012) Hugh Jackman Movie HD,48.0,id07621_1F_SgMHbygk,400,TST
Russell Crowe,male,New-Zealand,id07621,2Ida4cOyNyI,Russell Crowe Exclusive THE NICE GUYS Interview - CinemaCon 2016 (JoBlo.com),52.0,id07621_2Ida4cOyNyI,401,TST
Russell Crowe,male,New-Zealand,id07621,MS2MTVsQlUc,The Nice Guys Interview - Russell Crowe (2016) - Comedy HD,52.0,id07621_MS2MTVsQlUc,402,TST
Elisabeth Hasselbeck,female,The-United-States-of-America,id02445,Qz9cV2614Kk,[HD] Elisabeth Hasselbeck interview On Good Morning America 10/11/2010,33.0,id02445_Qz9cV2614Kk,403,TST
Dot Jones,female,The-United-States-of-America,id02286,rYH0ZiqtQvE,"Dot Jones, Glee: 2011 Creative Arts Emmys: Red Carpet",47.0,id02286_rYH0ZiqtQvE,404,TST
Dot Jones,female,The-United-States-of-America,id02286,Hee1UWXsYPQ,"Dot Jones, Lauren Potter, and Josh Sussman Backstage Interview - Streamys 2013",49.0,id02286_Hee1UWXsYPQ,405,TST
David Beckham,male,The-United-States-of-America,id02019,0mpDzIT5Dgc,David Beckham Tattoo 2011,36.0,id02019_0mpDzIT5Dgc,406,TST
David Beckham,male,The-United-States-of-America,id02019,dc3vD9Utq3E,Interview With DAVID BECKHAM for H&M HOLIDAY 2013 HD by Fashion Channel,38.0,id02019_dc3vD9Utq3E,407,TST
Jermaine Dupri,male,The-United-States-of-America,id04006,dskg1gqYils,Jermaine Dupri interview with Torae During the BET Hip Hop Awards 2016 Weekend,44.0,id04006_dskg1gqYils,408,TST
Kyra Sedgwick,female,The-United-States-of-America,id04950,JzlnJBF09Rw,Hailee Steinfeld and Kyra Sedgwick Exclusive 'The Edge of Seventeen' Interview (2016),51.0,id04950_JzlnJBF09Rw,409,TST
Kyra Sedgwick,female,The-United-States-of-America,id04950,e1ZI2hKZJEs,Kyra Sedgwick in Late Show with David Letterman 2010-07-15,45.0,id04950_e1ZI2hKZJEs,410,TST
Lisa Hanna,female,Jamaica,id05202,SvXF1GGIaQ0,Lisa Hanna Sectoral Debate 2016,41.0,id05202_SvXF1GGIaQ0,411,TST
B. J. Novak,male,The-United-States-of-America,id00866,1ki58847CNs,Saving Mr. Banks Interview - BJ Novak (2013) - Tom Hanks Movie HD,34.0,id00866_1ki58847CNs,412,TST
B. J. Novak,male,The-United-States-of-America,id00866,xW8IhInyzEw,Golden Globes 2010 Red Carpet Novak & Kaling,31.0,id00866_xW8IhInyzEw,413,TST
B. J. Novak,male,The-United-States-of-America,id00866,VSyRuBN658o,COMIC CON 2008: The Office Panel PART ONE,29.0,id00866_VSyRuBN658o,414,TST
Jared Padalecki,male,The-United-States-of-America,id03839,nVfxXpppKwM,Jared Padalecki - SXSW 2014 - Interview VOSTFR,32.0,id03839_nVfxXpppKwM,415,TST
Jared Padalecki,male,The-United-States-of-America,id03839,g_p95GAkmqc,Jared Padalecki Supernatural Interview 2016 San Diego Comic-Con,34.0,id03839_g_p95GAkmqc,416,TST
Jared Padalecki,male,The-United-States-of-America,id03839,vyHdzDja8CU,SDCC 2012: Supernatural - Jared Padalecki Interview,30.0,id03839_vyHdzDja8CU,417,TST
Jared Padalecki,male,The-United-States-of-America,id03839,U9mEmoGPSTE,"Jared Padalecki, Jensen Ackles - Exclusive Interview - Nerd HQ (2013) HD - Alison Haislip",31.0,id03839_U9mEmoGPSTE,418,TST
Jared Padalecki,male,The-United-States-of-America,id03839,qAN9w35q4GE,Jared Padalecki Interview at 2013 Comic Con - Supernatural Press Room,31.0,id03839_qAN9w35q4GE,419,TST
Jo-Wilfried Tsonga,male,France,id04119,5Gh77qJUjh0,Jo-Wilfried Tsonga Interview at the 2011 ATP World Tour Finals Day 5,26.0,id04119_5Gh77qJUjh0,420,TST
Jo-Wilfried Tsonga,male,France,id04119,JT-WhOYs_sM,Jo-Wilfried Tsonga press conference (2R) | Australian Open 2017,32.0,id04119_JT-WhOYs_sM,421,TST
Jo-Wilfried Tsonga,male,France,id04119,eSgicHPtNNI,Jo-Wilfried Tsonga on court interview (3R) | Australian Open 2017,32.0,id04119_eSgicHPtNNI,422,TST
Jo-Wilfried Tsonga,male,France,id04119,IZhmM6RJWjI,Jo-Wilfried Tsonga on court interview (4R) | Australian Open 2017,32.0,id04119_IZhmM6RJWjI,423,TST
Jo-Wilfried Tsonga,male,France,id04119,ADlo3UEJMP4,Post-match interview with Jo-Wilfried Tsonga (1R) | Australian Open 2017,32.0,id04119_ADlo3UEJMP4,424,TST
Jo-Wilfried Tsonga,male,France,id04119,GFyj8rUQ3-A,Interview Jo-Wilfried Tsonga - 1/8 de finale - Roland Garros 2013,28.0,id04119_GFyj8rUQ3-A,425,TST
Jo-Wilfried Tsonga,male,France,id04119,FdpxBVWRGGw,Jo-Wilfried Tsonga press conference (QF) | Australian Open 2017,32.0,id04119_FdpxBVWRGGw,426,TST
Jo-Wilfried Tsonga,male,France,id04119,j1j31JGWaqw,Catching up with Jo-Wilfried Tsonga at Wimbledon 2013,28.0,id04119_j1j31JGWaqw,427,TST
Russell Brand,male,The-United-Kingdom-1,id07620,X9PCF2xLoS4,Russell Brand on Rove Sunday 15 March 2009 HQ,34.0,id07620_X9PCF2xLoS4,428,TST
Eric Close,male,The-United-States-of-America,id02577,wfgRMT2aB9U,Eric Close: Behind the Scenes at the CMA Awards | CMA Awards 2014 | CMA,47.0,id02577_wfgRMT2aB9U,429,TST
Ewan McGregor,male,Scotland,id02685,7sWPaD4Ps4w,Ewan McGregor Exclusive Interview for MILES AHEAD (2016) JoBlo.com,45.0,id02685_7sWPaD4Ps4w,430,TST
Ewan McGregor,male,Scotland,id02685,_pSAZddhxzo,"The Late Late Show - ""Ewan McGregor"", 5.28 (2008) (R)",37.0,id02685__pSAZddhxzo,431,TST
Darius Rucker,male,The-United-States-of-America,id01989,oWliRSqMDWA,Darius Rucker Interview | CMA Awards 2012 | CMA,46.0,id01989_oWliRSqMDWA,432,TST
Ian McKellen,male,The-United-Kingdom-1,id03524,OpkREQecPdg,The Hobbit: An Unexpected Journey - Ian McKellen Interview - Gandalf (2012) HD,73.0,id03524_OpkREQecPdg,433,TST
Ian McKellen,male,The-United-Kingdom-1,id03524,ek0Iwn2hpJU,Ian McKellen - Comic-Con 2012 Interview | Comic Con | FandangoMovies,73.0,id03524_ek0Iwn2hpJU,434,TST
Cristiano Ronaldo,male,Portugal,id01822,zYv_noZ6yqw,Cristiano Ronaldo Interview - I'm Better Than Lionel Messi 2015 HD,30.0,id01822_zYv_noZ6yqw,435,TST
Cristiano Ronaldo,male,Portugal,id01822,NVRMFIbEvEM,Cristiano Ronaldo and Xabi Alonso Interview (English Subtitles) 25/11/2010,25.0,id01822_NVRMFIbEvEM,436,TST
Cristiano Ronaldo,male,Portugal,id01822,OkqHtWOFliM,"Cristiano Ronaldo on Borussia Dortmund, EURO 2016 & more || Interview [HD]",31.0,id01822_OkqHtWOFliM,437,TST
Cristiano Ronaldo,male,Portugal,id01822,cXY6vDcuhoI,UEFA EURO 2016: Cristiano CR7 Ronaldo afterMatch interview POR-FRA 10.07.2016 [engl],31.0,id01822_cXY6vDcuhoI,438,TST
Aaron Rodgers,male,The-United-States-of-America,id00017,ABlWCST1MPY,Aaron Rodgers Ends interview Like a Boss After Texans Game 2012,29.0,id00017_ABlWCST1MPY,439,TST
Aaron Rodgers,male,The-United-States-of-America,id00017,OLguY5ofUrY,Aaron Rodgers on The Late Show with David Letterman 2-7-2011,28.0,id00017_OLguY5ofUrY,440,TST
Billy Ray Cyrus,male,The-United-States-of-America,id01066,wEzAUg4xt5c,Billy Ray Cyrus Interview ► 2014 Movieguide Awards Gala Red Carpet,53.0,id01066_wEzAUg4xt5c,441,TST
Ashton Kutcher,male,The-United-States-of-America,id00817,yKuHqhDqs48,Jobs Interview - Ashton Kutcher (2013) - Steve Jobs Movie HD,35.0,id00817_yKuHqhDqs48,442,TST
Ashton Kutcher,male,The-United-States-of-America,id00817,Hfp-YYPm8jY,Jobs Interview - Ashton Kutcher (2013) Steve Jobs Biopic HD,35.0,id00817_Hfp-YYPm8jY,443,TST
Ashton Kutcher,male,The-United-States-of-America,id00817,tCnW5E8cMow,Ashton Kutcher & 13 reasons why stars on ellen 2017,39.0,id00817_tCnW5E8cMow,444,TST
Ashton Kutcher,male,The-United-States-of-America,id00817,WRMSQzOzK-Q,The Ashton Interview: Tech World 2016,38.0,id00817_WRMSQzOzK-Q,445,TST
Amy Adams,female,The-United-States-of-America,id00419,wo8RNvzyGZ4,Amy Adams - Pressroom - Golden Globes 2015,41.0,id00419_wo8RNvzyGZ4,446,TST
Amy Adams,female,The-United-States-of-America,id00419,MaRFPQ95huM,Trouble With The Curve (2012) Exclusive Amy Adams & Justin Timberlake Interview,38.0,id00419_MaRFPQ95huM,447,TST
Amy Adams,female,The-United-States-of-America,id00419,Ne1oPJbKf8Y,Batman v Superman: Dawn of Justice Interview - Amy Adams (2016) - Action Movie HD,42.0,id00419_Ne1oPJbKf8Y,448,TST
Trey Songz,male,The-United-States-of-America,id08696,1SBCWkvRRIc,Trey Songz SBTV Interview 2011,27.0,id08696_1SBCWkvRRIc,449,TST
Brie Bella,female,The-United-States-of-America,id01224,_F-Yu38QTpg,WWE Nikki and Brie Bella - AfterBuzz TV Interview Wrestlemania Axxess April 6th 2014,31.0,id01224__F-Yu38QTpg,450,TST
Beau Bridges,male,The-United-States-of-America,id00926,s9XtdppxH9s,The Millers Interview With Beau Bridges At CTV Upfront 2014,73.0,id00926_s9XtdppxH9s,451,TST
Malin Åkerman,female,Sweden,id05459,ksGb6IwA8mQ,Watchmen 2009 Movie - Cast Interview - Malin Akerman,31.0,id05459_ksGb6IwA8mQ,452,TST
John Travolta,male,The-United-States-of-America,id04232,_k0hgacT2zc,Savages Interview - John Travolta - Oliver Stone Movie (2012) HD,58.0,id04232__k0hgacT2zc,453,TST
John Travolta,male,The-United-States-of-America,id04232,MQeRBdqk0qs,John Travolta Interview at City Gala 2017,63.0,id04232_MQeRBdqk0qs,454,TST
John Travolta,male,The-United-States-of-America,id04232,ljh5PB6Utsc,John Travolta on David Letterman April 20th 2015 Full Interview,61.0,id04232_ljh5PB6Utsc,455,TST
Jim Parsons,male,The-United-States-of-America,id04094,0CEsrFOgDSw,Jim Parsons interview at the Red Carpet - Emmys 2010 - Dish of Salt with Laura Saltman,37.0,id04094_0CEsrFOgDSw,456,TST
Jim Parsons,male,The-United-States-of-America,id04094,qN4ksgA7qoY,Jim Parsons & Todd Spiewak accept Inspiration Award at the 2013 GLSEN Respect Awards - Los Angeles,40.0,id04094_qN4ksgA7qoY,457,TST
Jim Parsons,male,The-United-States-of-America,id04094,W6uRNCJmdtI,Jim Parsons Sheldon big bang theory Late night Show David Letterman 2013,40.0,id04094_W6uRNCJmdtI,458,TST
Jim Parsons,male,The-United-States-of-America,id04094,8SFhrRX2ZhE,Jim Parsons Home BBC The One Show 2015,42.0,id04094_8SFhrRX2ZhE,459,TST
Jim Parsons,male,The-United-States-of-America,id04094,TvF2eDlauco,"Home Interview - Jim Parsons (2015) - Rihanna, Steve Martin Movie HD",42.0,id04094_TvF2eDlauco,460,TST
Tiger Woods,male,The-United-States-of-America,id08552,WyXg10aD0mI,Tiger Woods interview at 2013 Arnold Palmer Invitational,38.0,id08552_WyXg10aD0mI,461,TST
Tiger Woods,male,The-United-States-of-America,id08552,versFvfcvuk,Tiger Woods Press Conference - WGC Accenture Matchplay Championship 2012,37.0,id08552_versFvfcvuk,462,TST
Lily Aldridge,female,The-United-States-of-America,id05176,LGBnRNZ6CzE,Lily Aldridge Teaches Amanda Steele How to Pose Like a Supermodel | Fashion Week 2015,30.0,id05176_LGBnRNZ6CzE,463,TST
Karen Gillan,female,The-United-Kingdom-1,id04570,3s7mF3vF2QQ,"Karen Gillan Interview - Oculus (2014) JoBlo.com, Horror HD",27.0,id04570_3s7mF3vF2QQ,464,TST
Karen Gillan,female,The-United-Kingdom-1,id04570,4FE_koS8OcI,Karen Gillan Interview - Empire Jameson Film Awards 2015 (Guardians 2 + Marvel vs. Doctor Who),28.0,id04570_4FE_koS8OcI,465,TST
Karen Gillan,female,The-United-Kingdom-1,id04570,RHjzxSPccOQ,Karen Gillan Interview at Denver Comic Con 2015 | ActOutGames,28.0,id04570_RHjzxSPccOQ,466,TST
Karen Gillan,female,The-United-Kingdom-1,id04570,UsR08JvtyYM,Karen Gillan & Arthur Darvill SDCC 2012 Interview,25.0,id04570_UsR08JvtyYM,467,TST
Jenna Dewan,female,The-United-States-of-America,id03969,E8XAopD8rJE,Jenna Dewan Interview at the ROCK-N-REEL 2009,29.0,id03969_E8XAopD8rJE,468,TST
Jenna Dewan,female,The-United-States-of-America,id03969,qGw424leJ_U,Witches of East End - Jenna Dewan-Tatum Interview at San Diego ComicCon 2014,34.0,id03969_qGw424leJ_U,469,TST
Jenna Dewan,female,The-United-States-of-America,id03969,zguYH5Ba5V0,Jenna Dewan Tatum July/August 2016 Cover Shoot,36.0,id03969_zguYH5Ba5V0,470,TST
Jenna Dewan,female,The-United-States-of-America,id03969,EpUIH6reNuk,"""Witches of East End"" Interview at Comic-Con 2014 - TVLine",34.0,id03969_EpUIH6reNuk,471,TST
Goran Višnjić,male,Croatia,id03178,kHIwMvlPrVg,Timeless - Goran Visnjic - Exclusive SpoilerTV SDCC 2016 Interview,44.0,id03178_kHIwMvlPrVg,472,TST
Goran Višnjić,male,Croatia,id03178,9AJzTUwGbRk,Goran Visnjic (Timeless) at San Diego Comic-Con 2016,44.0,id03178_9AJzTUwGbRk,473,TST
Goran Višnjić,male,Croatia,id03178,W3h_IkPVsbM,Goran Višnjić Roundtable | NYCC 2016,44.0,id03178_W3h_IkPVsbM,474,TST
Goran Višnjić,male,Croatia,id03178,AdYU9GUlDNI,MalcolmBarrettMattLanterGoranVisnjicSDCC2016,44.0,id03178_AdYU9GUlDNI,475,TST
Jordan Henderson,male,The-United-Kingdom-1,id04295,hSKPTFG6YBg,Jordan Henderson and Sadio Mane post match interview ~ Everton vs Liverpool 0-1 ~19-12-2016,26.0,id04295_hSKPTFG6YBg,476,TST
Jordan Henderson,male,The-United-Kingdom-1,id04295,EnY9rYNFUiQ,CHELSEA 1-2 LIVERPOOL // Jordan Henderson Post Match Interview // Premier League 2016 [HD],26.0,id04295_EnY9rYNFUiQ,477,TST
Kamal Haasan,male,India,id04536,sfldoEPrFPI,Seg_ 1 - Kamal Vishwaroopa - Exclusive interview with Kamal - 10 Feb 2013 - Suvarna News,59.0,id04536_sfldoEPrFPI,478,TST
Jason Blum,male,The-United-States-of-America,id03862,JPzcHm685nE,Blumhouse of Horrors 2012: Interview with Jason Blum,43.0,id03862_JPzcHm685nE,479,TST
Jason Blum,male,The-United-States-of-America,id03862,5lnw4FEEtLo,M. Night Shyamalan & Jason Blum 'The Visit' Exclusive Interview - Comic-Con (2015) HD,46.0,id03862_5lnw4FEEtLo,480,TST
Jason Blum,male,The-United-States-of-America,id03862,zn89G4Gg97o,SPLIT Q&A at AFI FEST 2016,47.0,id03862_zn89G4Gg97o,481,TST
Jason Blum,male,The-United-States-of-America,id03862,JZ6CSS-oEFo,Jason Blum Interview - CinemaCon 2016,47.0,id03862_JZ6CSS-oEFo,482,TST
Chris Christie,male,The-United-States-of-America,id01593,neAk6K8BvTA,Chris Christie Debate 2016 INTERVIEW on CNN State of the Union,54.0,id01593_neAk6K8BvTA,483,TST
Chris Christie,male,The-United-States-of-America,id01593,DTLNY8F4ttQ,President Bill Clinton talks with Governor Chris Christie of New Jersey - CGI America 2013,51.0,id01593_DTLNY8F4ttQ,484,TST
Chris Christie,male,The-United-States-of-America,id01593,CPcadbFB-Pw,2014 Fiscal Summit: Governor Chris Christie,52.0,id01593_CPcadbFB-Pw,485,TST
Chris Christie,male,The-United-States-of-America,id01593,J-NPsvtQ8lE,"Governor Chris Christie on NBC's Meet the Press: June 26, 2011",49.0,id01593_J-NPsvtQ8lE,486,TST
Triple H,male,The-United-States-of-America,id08701,wzgurhOGTnQ,Triple H Interview Toy Fair 2010 NYC Mattel WWE Wrestling Action Figures,41.0,id08701_wzgurhOGTnQ,487,TST
Georges St-Pierre,male,Canada,id03030,EQ7zWY18_Kw,"Georges St-Pierre Interview with Soledad O'Brien (April 27, 2012)",31.0,id03030_EQ7zWY18_Kw,488,TST
Kobe Bryant,male,The-United-States-of-America,id04862,bCFNln4EuNo,"Kobe Bryant Full Interview On SportsCenter - SC6 | March 24, 2017",39.0,id04862_bCFNln4EuNo,489,TST
Ricardo Antonio Chavira,male,The-United-States-of-America,id07312,OOsZEkkj3qU,Mike O'Malley and Ricardo Chavira - Welcome to the Family - NBC Upfront 2013,42.0,id07312_OOsZEkkj3qU,490,TST
Ricardo Antonio Chavira,male,The-United-States-of-America,id07312,9yNL-7pKuUY,Ricardo Antonio Chavira en The Bonnie Hunt Show (05/02/2009),38.0,id07312_9yNL-7pKuUY,491,TST
Rob Ford,male,Canada,id07396,6bbb_NOpqGY,"The annotated Rob Ford: notes on the mayor's interview with CP24 on July 22, 2011",42.0,id07396_6bbb_NOpqGY,492,TST
Rick Gervais,male,The-United-States-of-America,id07354,0y9b8qlM170,Ricky Gervais Derek Interview BBC Breakfast 2014,55.0,id07354_0y9b8qlM170,493,TST
LeBron James,male,The-United-States-of-America,id05055,5_w4hUKPfAk,"June 20, 2013 - ESPN - LeBron James Interview - 2013 NBA Finals Game 07 (Heat Vs Spurs)",29.0,id05055_5_w4hUKPfAk,494,TST
LeBron James,male,The-United-States-of-America,id05055,B_E-u-vcv6g,LeBron James ESPN Interview (2015),31.0,id05055_B_E-u-vcv6g,495,TST
LeBron James,male,The-United-States-of-America,id05055,2no6rvJGSHA,Rachel Nichols interviews LeBron James after the 2016 NBA Finals,32.0,id05055_2no6rvJGSHA,496,TST
LeBron James,male,The-United-States-of-America,id05055,9wdCne17C3Y,"December 06, 2011 - ESPN - Rachel Nichols Interviews LeBron James about Finals and Villain Role",27.0,id05055_9wdCne17C3Y,497,TST
Britney Spears,female,The-United-States-of-America,id01228,SJQOZPMPSSg,Britney Spears - Lorraine/Daybreak Interview (December 9th 2013),32.0,id01228_SJQOZPMPSSg,498,TST
Sebastián Piñera,male,Chile,id07874,l4HDzcmJKXU,President Pinera is interviewed for Hardtalk 2010 (Part 1),61.0,id07874_l4HDzcmJKXU,499,TST
Sebastián Piñera,male,Chile,id07874,Puqv_gw4aMQ,"Placebo are welcomed by Chile's President Sebastián Piñera - April 7, 2010",61.0,id07874_Puqv_gw4aMQ,500,TST
CM Punk,male,The-United-States-of-America,id01298,Jw_AIOueOoY,CM Punk Interview about WWE - January 2017,39.0,id01298_Jw_AIOueOoY,501,TST
CM Punk,male,The-United-States-of-America,id01298,DIYB-itzp_A,CM Punk Ringside Fest 2011 Interview,33.0,id01298_DIYB-itzp_A,502,TST
CM Punk,male,The-United-States-of-America,id01298,2jdrSgg13BE,CM Punk Ringside Fest 2012 Interview - WWE Champion,34.0,id01298_2jdrSgg13BE,503,TST
Ashley Tisdale,female,The-United-States-of-America,id00812,kOGC6Y4KZ8w,Ashley Tisdale - INTERVIEW 2015 at the Brooks Brothers 2nd Annual Holiday Party,30.0,id00812_kOGC6Y4KZ8w,504,TST
Ashley Tisdale,female,The-United-States-of-America,id00812,mSut3QUyqEY,INTERVIEW - Ashley Tisdale at 2015 Tony Awards - Arrivals,30.0,id00812_mSut3QUyqEY,505,TST
Ashley Tisdale,female,The-United-States-of-America,id00812,hP1x3KgrnKA,Ashley Tisdale interview 2009 (comet germany),24.0,id00812_hP1x3KgrnKA,506,TST
Ashley Tisdale,female,The-United-States-of-America,id00812,eicFztqOtoc,Ashley Tisdale INTERVIEW with E!Online for ShoeDazzle & St. Jude 2014,29.0,id00812_eicFztqOtoc,507,TST
Gerard Piqué,male,Spain,id03041,ZxmJ-6jp94Q,English interview with Spain's Gerard Pique after the win over France at Euro 2012,25.0,id03041_ZxmJ-6jp94Q,508,TST
Roger Federer,male,Switzerland,id07494,KeLD62_3Yy4,Roger Federer pre-final interview | Australian Open 2017,36.0,id07494_KeLD62_3Yy4,509,TST
Roger Federer,male,Switzerland,id07494,Ed3ACD2RXYk,Roger Federer interview after winning 2017 BNP Paribas Open | Indian Wells 2017,36.0,id07494_Ed3ACD2RXYk,510,TST
Roger Federer,male,Switzerland,id07494,r-ToqH_EJNs,Roger Federer on court interview (QF) | Australian Open 2017,36.0,id07494_r-ToqH_EJNs,511,TST
Roger Federer,male,Switzerland,id07494,jwEMVIK0-RA,2013 Indian Wells: Roger Federer Pre-Tournament Interview,32.0,id07494_jwEMVIK0-RA,512,TST
Roger Federer,male,Switzerland,id07494,dEl7dYObxfA,Federer vs. Willis Post Match Interview - Wimbledon 2016,35.0,id07494_dEl7dYObxfA,513,TST
Roger Federer,male,Switzerland,id07494,Ut9HSl-d-JI,Novak Djokovic vs Roger Federer   US Open 2015 Final   CEREMONY HD,34.0,id07494_Ut9HSl-d-JI,514,TST
Roger Federer,male,Switzerland,id07494,JV5S_SUcHmI,Roger Federer 2013 Australian Open interview,32.0,id07494_JV5S_SUcHmI,515,TST
Debbie Ryan,female,The-United-States-of-America,id02086,Xhe9-sdMeuM,Debby Ryan Interview - 2012 Teen Choice Awards,60.0,id02086_Xhe9-sdMeuM,516,TST
Debbie Ryan,female,The-United-States-of-America,id02086,qPabnPcUHzE,Debby Ryan Talks 2016 Plans & Fangirling Over Donald Glover,64.0,id02086_qPabnPcUHzE,517,TST
Debbie Ryan,female,The-United-States-of-America,id02086,2GFhQ3NUBzk,"Debby Ryan Interview at ZOOEY MAGAZINE Launch Event August 15, 2010",58.0,id02086_2GFhQ3NUBzk,518,TST
Debbie Ryan,female,The-United-States-of-America,id02086,zG7Qbte1KIg,"Debby Ryan Talks New Music, Movie Opportunity & Inspiring Women At Kids' Choice Awards 2016",64.0,id02086_zG7Qbte1KIg,519,TST
Debbie Ryan,female,The-United-States-of-America,id02086,Xjl7BOc32LM,"Disney Star Debby Ryan Interview on Mornings Australia, May 17 2012.",60.0,id02086_Xjl7BOc32LM,520,TST
Debbie Ryan,female,The-United-States-of-America,id02086,4uVHJg3Fkrg,Debby Ryan 2011 Kids' Choice Awards Interview,59.0,id02086_4uVHJg3Fkrg,521,TST
Andy Roddick,male,The-United-States-of-America,id00562,PLbU4oll6nA,Dallas Winner Interview 2015 - Andy Roddick,33.0,id00562_PLbU4oll6nA,522,TST
Andy Roddick,male,The-United-States-of-America,id00562,MmJk7tNOmjM,Los Angeles Winner Interview 2015 - Andy Roddick,33.0,id00562_MmJk7tNOmjM,523,TST
Andy Roddick,male,The-United-States-of-America,id00562,ajQGQ2AyKSg,2012 US Open: Andy Roddick's Final Career Press Conference,30.0,id00562_ajQGQ2AyKSg,524,TST
Andy Roddick,male,The-United-States-of-America,id00562,h87Jhq4r2f8,Chicago Winner Interview 2015 - Andy Roddick,33.0,id00562_h87Jhq4r2f8,525,TST
S. E. Cupp,female,The-United-States-of-America,id07663,qqRVoQRN1vg,S. E. Cupp Interviews Gov. Gary Johnson (2012-04-23),33.0,id07663_qqRVoQRN1vg,526,TST
Matt Damon,male,The-United-States-of-America,id05816,7jt8zGB27QQ,Matt Damon Talks Feud With Jimmy Kimmel at the 2017 Oscars | E! Red Carpet & Award Shows,47.0,id05816_7jt8zGB27QQ,527,TST
Sebastian Stan,male,The-United-States-of-America,id07868,eZNOQoLytW0,Sebastian Stan Funny Moments 2016,34.0,id07868_eZNOQoLytW0,528,TST
Tamera Mowry,female,The-United-States-of-America,id08392,gPX4IC53KwI,Damon Weaver Interviews Tamera Mowry at the 2010 Disney Dreamer's Academy with Steve Harvey,32.0,id08392_gPX4IC53KwI,529,TST
Tamera Mowry,female,The-United-States-of-America,id08392,V2DQaPnQhBs,Tia and Tamera Mowry finish each other's sentences! @ 2014 Actors Fund's Looking Ahead Awards,36.0,id08392_V2DQaPnQhBs,530,TST
Katie Perry,female,Australia,id04656,jp_LAQDpKIE,Grammys 2017: Katy Perry On The Meaning Behind 'Chained To The Rhythm' | Access Hollywood,37.0,id04656_jp_LAQDpKIE,531,TST
Jennifer Hawkins,female,Australia,id03978,P6tS-mlkX4g,A preview of Australia's Next Top Model - Season 9 - 30th April 2015,32.0,id03978_P6tS-mlkX4g,532,TST
Marouane Fellaini,male,Belgium,id05714,Lu4PPvWXGn8,Marouane Fellaini First Ever Interview As A Manchester United Player 2013,26.0,id05714_Lu4PPvWXGn8,533,TST
Jesse J. White,male,The-United-States-of-America,id04030,84oIYoHHWYM,Jessie J - Interview with Keiynan Lonsdale (MTV Australia 2013),35.0,id04030_84oIYoHHWYM,534,TST
